epoch,loss,mean_absolute_error,mean_absolute_percentage_error,root_mean_squared_error,val_loss,val_mean_absolute_error,val_mean_absolute_percentage_error,val_root_mean_squared_error
0,5.444382190704346,0.7809620499610901,107.53052520751953,0.880027711391449,5.346676826477051,1.372797966003418,89.2166976928711,1.3806664943695068
1,2.9369850158691406,0.5012850761413574,107.40949249267578,0.6124460697174072,2.6361424922943115,0.9349497556686401,60.57760238647461,0.9433836936950684
2,1.2472045421600342,0.20157311856746674,50.41787338256836,0.283754825592041,1.1869802474975586,0.717272162437439,46.313331604003906,0.7269942164421082
3,0.4542335569858551,0.15906788408756256,29.33253288269043,0.22312113642692566,0.5876564979553223,0.6292195916175842,40.57735061645508,0.638917088508606
4,0.20166561007499695,0.14434516429901123,28.786008834838867,0.19991689920425415,0.4465825855731964,0.5751680731773376,37.06718444824219,0.5846373438835144
5,0.1498747020959854,0.1308635026216507,28.25755500793457,0.18063905835151672,0.35795408487319946,0.518242597579956,33.36152648925781,0.5277288556098938
6,0.1203988716006279,0.120549775660038,23.12506675720215,0.1673928201198578,0.280606746673584,0.4529746472835541,29.11092758178711,0.46262168884277344
7,0.09872762858867645,0.11052201688289642,20.82848358154297,0.1536652147769928,0.23000654578208923,0.4062548875808716,26.07105827331543,0.4160136282444
8,0.08324415981769562,0.10259048640727997,20.355077743530273,0.142182394862175,0.19569113850593567,0.37247398495674133,23.875703811645508,0.38228321075439453
9,0.073406882584095,0.10143311321735382,19.24752426147461,0.1393670290708542,0.1659105122089386,0.33940279483795166,21.720706939697266,0.3494827151298523
10,0.0652976855635643,0.09643244743347168,18.483352661132812,0.13308168947696686,0.14300039410591125,0.31130653619766235,19.89670753479004,0.32146164774894714
11,0.05850379541516304,0.09321509301662445,18.39262580871582,0.12964613735675812,0.1257028579711914,0.2898927330970764,18.503755569458008,0.30023661255836487
12,0.054501328617334366,0.09418782591819763,18.400354385375977,0.13066598773002625,0.10504285246133804,0.25771304965019226,16.414913177490234,0.26834729313850403
13,0.0498412661254406,0.09091556817293167,16.18762969970703,0.12551771104335785,0.09081562608480453,0.23465847969055176,14.926329612731934,0.24528561532497406
14,0.0460619293153286,0.08902648091316223,16.891685485839844,0.12339366972446442,0.0899757519364357,0.23985600471496582,15.275896072387695,0.24990786612033844
15,0.04320375993847847,0.08905873447656631,18.163042068481445,0.12323058396577835,0.07345584034919739,0.20634758472442627,13.098432540893555,0.21705104410648346
16,0.040717680007219315,0.08761157840490341,17.319746017456055,0.12019915133714676,0.07325837761163712,0.2122306227684021,13.489180564880371,0.22240938246250153
17,0.03958530351519585,0.0893753319978714,17.797521591186523,0.12266358733177185,0.06248193234205246,0.18921130895614624,11.998284339904785,0.19971227645874023
18,0.037523478269577026,0.08771658688783646,16.809162139892578,0.1209694966673851,0.06346392631530762,0.1959259808063507,12.448633193969727,0.2056010365486145
19,0.036019179970026016,0.08822903037071228,18.130619049072266,0.1224375069141388,0.05516408756375313,0.1762707680463791,11.168688774108887,0.18656332790851593
20,0.03458636254072189,0.08698079735040665,17.57503890991211,0.1198594942688942,0.039760466665029526,0.1254989206790924,7.885071277618408,0.13760137557983398
21,0.03330874443054199,0.08475987613201141,15.361042976379395,0.11755191534757614,0.04619342461228371,0.15673258900642395,9.91408920288086,0.16694092750549316
22,0.03220140188932419,0.08649507910013199,17.199363708496094,0.1184711828827858,0.042848192155361176,0.14838671684265137,9.373193740844727,0.15888909995555878
23,0.030931420624256134,0.08509258925914764,15.907195091247559,0.11680513620376587,0.03921927511692047,0.13830333948135376,8.721296310424805,0.14913606643676758
24,0.030354496091604233,0.0835089460015297,14.411722183227539,0.11541551351547241,0.040857020765542984,0.1484708935022354,9.386456489562988,0.15847165882587433
25,0.028636112809181213,0.08304905891418457,17.058198928833008,0.11414670199155807,0.03996880725026131,0.148076593875885,9.362098693847656,0.15801244974136353
26,0.029065636917948723,0.08494342118501663,16.514854431152344,0.11744509637355804,0.029774699360132217,0.1072816476225853,6.726405620574951,0.11901304870843887
27,0.027855508029460907,0.08280903846025467,14.928977966308594,0.1143338605761528,0.0356670506298542,0.13757728040218353,8.692585945129395,0.1472655087709427
28,0.026903150603175163,0.08250048756599426,15.047832489013672,0.11378119140863419,0.03441426903009415,0.13519386947155,8.54163646697998,0.14476443827152252
29,0.02754473313689232,0.08600746095180511,16.48154640197754,0.1179794892668724,0.0332641638815403,0.1312733143568039,8.288631439208984,0.14094999432563782
30,0.02676435001194477,0.08471528440713882,17.752243041992188,0.11704427748918533,0.032663073390722275,0.13107000291347504,8.273581504821777,0.14087441563606262
31,0.026527777314186096,0.08360463380813599,16.05573272705078,0.11619234085083008,0.023966725915670395,0.09215021878480911,5.765384197235107,0.10378477722406387
32,0.02516552060842514,0.08136852085590363,14.496211051940918,0.1123185083270073,0.028001688420772552,0.11668813228607178,7.351161479949951,0.12658202648162842
33,0.024823728948831558,0.08258730918169022,16.402137756347656,0.11378505825996399,0.03200206905603409,0.13286767899990082,8.404533386230469,0.14174026250839233
34,0.0246085487306118,0.08337652683258057,16.84390640258789,0.11502009630203247,0.03185411915183067,0.13499729335308075,8.53381633758545,0.14429640769958496
35,0.02392716147005558,0.08244045823812485,17.099355697631836,0.1122858077287674,0.029580576345324516,0.12578104436397552,7.93939733505249,0.13529644906520844
36,0.02432631142437458,0.08413557708263397,16.957883834838867,0.11630059033632278,0.02630120888352394,0.11378682404756546,7.164194107055664,0.12381023168563843
37,0.024463320150971413,0.08438227325677872,15.06843090057373,0.11659012734889984,0.028618987649679184,0.12512513995170593,7.902210712432861,0.1343451738357544
38,0.023971689864993095,0.08328194916248322,15.74189281463623,0.1159781813621521,0.03334057703614235,0.1447826474905014,9.18155288696289,0.15307599306106567
39,0.02336498722434044,0.08291080594062805,16.637908935546875,0.11479701101779938,0.03392976149916649,0.14586395025253296,9.255736351013184,0.15394200384616852
40,0.022493448108434677,0.08170582354068756,16.897159576416016,0.11274664849042892,0.018193233758211136,0.07368351519107819,4.5988450050354,0.08517546206712723
41,0.02307235449552536,0.08249752968549728,13.857879638671875,0.1147649735212326,0.02795194834470749,0.12755249440670013,8.074602127075195,0.13582812249660492
42,0.022871993482112885,0.08375846594572067,15.080927848815918,0.11585423350334167,0.02375296875834465,0.11171789467334747,7.045485019683838,0.12081559747457504
43,0.0221498254686594,0.08153842389583588,14.656383514404297,0.11284079402685165,0.02041505090892315,0.09584396332502365,6.027647495269775,0.10516437888145447
44,0.021332882344722748,0.08059348165988922,14.40131664276123,0.11047179996967316,0.023036139085888863,0.11053944379091263,6.979482173919678,0.11903779208660126
45,0.02187824808061123,0.082606241106987,16.107397079467773,0.11401534825563431,0.020791877061128616,0.10018767416477203,6.306277275085449,0.10942146182060242
46,0.02216353826224804,0.0826973244547844,15.486656188964844,0.11522778868675232,0.03123994544148445,0.14515505731105804,9.22254753112793,0.15265220403671265
47,0.022041430696845055,0.0828901156783104,15.816601753234863,0.11528896540403366,0.029931921511888504,0.14058969914913177,8.933338165283203,0.14787819981575012
48,0.021115558221936226,0.08116021752357483,15.348163604736328,0.1125711128115654,0.023055298253893852,0.11420714855194092,7.224018096923828,0.12216643989086151
49,0.02078392170369625,0.08044570684432983,13.690987586975098,0.11154574155807495,0.021131670102477074,0.10625848174095154,6.709682941436768,0.11448487639427185
50,0.02032599039375782,0.08010323345661163,14.23354434967041,0.10951153934001923,0.017743278294801712,0.08929391950368881,5.616694450378418,0.09808969497680664
51,0.020158633589744568,0.08012671768665314,14.16305160522461,0.11017131805419922,0.025465358048677444,0.12454966455698013,7.898432731628418,0.1319677233695984
52,0.020268745720386505,0.08088921010494232,16.292261123657227,0.11159942299127579,0.02191890776157379,0.11034650355577469,6.971982479095459,0.11853492259979248
53,0.02043662779033184,0.08121352642774582,16.39991569519043,0.11221952736377716,0.020407427102327347,0.10398375242948532,6.561654567718506,0.11235853284597397
54,0.02061009220778942,0.0811026394367218,15.23807144165039,0.11290596425533295,0.020531823858618736,0.10492151230573654,6.6267290115356445,0.112984299659729
55,0.020714012905955315,0.08220282196998596,14.843670845031738,0.11373675614595413,0.015373320318758488,0.07903184741735458,4.957568168640137,0.08828115463256836
56,0.02004534937441349,0.07998824864625931,12.831707954406738,0.11113575100898743,0.021006179973483086,0.10958564281463623,6.935366630554199,0.11709901690483093
57,0.019696494564414024,0.08113881945610046,14.680131912231445,0.11123853176832199,0.02552195079624653,0.12919703125953674,8.215548515319824,0.13578316569328308
58,0.019637715071439743,0.0794268473982811,13.224956512451172,0.11051066964864731,0.02587166428565979,0.13086463510990143,8.320843696594238,0.1375379115343094
59,0.019038589671254158,0.08039430528879166,15.902905464172363,0.10937017947435379,0.017148612067103386,0.09169375896453857,5.778958320617676,0.09985853731632233
60,0.019226565957069397,0.08000500500202179,13.893792152404785,0.11006873846054077,0.02173108421266079,0.11375141143798828,7.208462238311768,0.12098328769207001
61,0.019215771928429604,0.08058539032936096,15.486562728881836,0.11087466031312943,0.01846766099333763,0.10011691600084305,6.321482181549072,0.10805249959230423
62,0.019433479756116867,0.08011531829833984,13.225788116455078,0.1111159548163414,0.016461370512843132,0.09069748967885971,5.712954044342041,0.09904196858406067
63,0.01875940151512623,0.07934697717428207,12.912181854248047,0.10849911719560623,0.02261234074831009,0.12029459327459335,7.635286331176758,0.1272132247686386
64,0.01956263929605484,0.08138681203126907,14.00251293182373,0.11268685013055801,0.02973177097737789,0.14691883325576782,9.362985610961914,0.15328249335289001
65,0.019512590020895004,0.08153854310512543,14.901895523071289,0.11351409554481506,0.022727949544787407,0.11989647895097733,7.613144874572754,0.12666082382202148
66,0.01848067156970501,0.08013158291578293,17.42473793029785,0.10931234061717987,0.022048527374863625,0.11788170039653778,7.478382587432861,0.12489188462495804
67,0.019607296213507652,0.08198942244052887,16.153522491455078,0.11394791305065155,0.020058821886777878,0.11068232357501984,7.01131534576416,0.11792299151420593
68,0.019973434507846832,0.08287361264228821,13.26838207244873,0.1152641624212265,0.02093898504972458,0.11427351832389832,7.253881931304932,0.12093535810709
69,0.018904337659478188,0.08139698952436447,15.706204414367676,0.11180916428565979,0.012581802904605865,0.06913585960865021,4.334969997406006,0.0779433324933052
70,0.018124597147107124,0.07839739322662354,12.910297393798828,0.10820029675960541,0.012955869548022747,0.07224254310131073,4.536616325378418,0.08062928915023804
71,0.018259044736623764,0.0785360336303711,11.66998291015625,0.10818929225206375,0.010008773766458035,0.05221734568476677,3.264012575149536,0.06105680763721466
72,0.01797495409846306,0.0783795490860939,13.15144157409668,0.10824479907751083,0.022696634754538536,0.12394591420888901,7.8972859382629395,0.12969447672367096
73,0.0181326474994421,0.08030539005994797,15.099955558776855,0.10997167974710464,0.027391010895371437,0.13959406316280365,8.899698257446289,0.14559510350227356
74,0.018400928005576134,0.08148203045129776,17.46845054626465,0.11166882514953613,0.019846195355057716,0.11133476346731186,7.060823917388916,0.11820826679468155
75,0.018767599016427994,0.08226178586483002,15.580974578857422,0.11232373118400574,0.023244712501764297,0.1259290724992752,8.006912231445312,0.1324382722377777
76,0.018707377836108208,0.08075753599405289,12.995864868164062,0.11193747818470001,0.019793421030044556,0.11212607473134995,7.118550777435303,0.11866733431816101
77,0.018425626680254936,0.08071251213550568,14.925787925720215,0.11140501499176025,0.017583725973963737,0.10208206623792648,6.466526031494141,0.10897098481655121
78,0.01827755942940712,0.08115183562040329,15.575704574584961,0.1113077774643898,0.01689283177256584,0.098362997174263,6.2289252281188965,0.10520318150520325
79,0.01776083931326866,0.08018317073583603,15.945230484008789,0.1090434342622757,0.026136107742786407,0.1380605697631836,8.798189163208008,0.14416369795799255
80,0.018070826306939125,0.08047986775636673,16.175094604492188,0.11048677563667297,0.023893928155303,0.1307164579629898,8.321388244628906,0.1369548738002777
81,0.018866905942559242,0.08187948912382126,15.535061836242676,0.11408781260251999,0.017425470054149628,0.10242652893066406,6.497113227844238,0.10889845341444016
82,0.01781720295548439,0.07953135669231415,12.866296768188477,0.10982988029718399,0.02572442591190338,0.13808390498161316,8.809831619262695,0.143792986869812
83,0.018210822716355324,0.08131475746631622,16.963857650756836,0.11178514361381531,0.013126745820045471,0.07797683030366898,4.915801525115967,0.08535264432430267
84,0.017116237431764603,0.07834509015083313,13.124493598937988,0.10721752792596817,0.0152136767283082,0.09268047660589218,5.8690185546875,0.09929518401622772
85,0.017117688432335854,0.07935425639152527,14.009641647338867,0.10809291899204254,0.0189755130559206,0.1105605959892273,7.027658462524414,0.11665099859237671
86,0.01820683293044567,0.08199992030858994,15.371832847595215,0.11334516853094101,0.019255271181464195,0.11283014714717865,7.177030563354492,0.11877425014972687
87,0.01701049692928791,0.0779646635055542,13.020359992980957,0.10747816413640976,0.012278225272893906,0.07618466019630432,4.800383567810059,0.08364429324865341
88,0.017604714259505272,0.07970917969942093,13.078405380249023,0.11010462045669556,0.01549048162996769,0.09442440420389175,5.982726097106934,0.10094235092401505
89,0.01690996252000332,0.07886657863855362,15.515440940856934,0.10797999054193497,0.016927342861890793,0.10178402811288834,6.455413341522217,0.10827804356813431
90,0.018097056075930595,0.08157077431678772,15.208202362060547,0.11218751221895218,0.019635282456874847,0.11488761007785797,7.3122878074646,0.12070337682962418
91,0.017657145857810974,0.08032272011041641,14.047025680541992,0.1114913821220398,0.012180879712104797,0.07673477381467819,4.840206146240234,0.0838778018951416
92,0.017237810418009758,0.08050917088985443,14.176017761230469,0.10973455011844635,0.026174891740083694,0.14018400013446808,8.958344459533691,0.14543063938617706
93,0.016979597508907318,0.0802832618355751,15.244772911071777,0.1094924658536911,0.011629736982285976,0.07393819838762283,4.651120662689209,0.08189249783754349
94,0.017952781170606613,0.08073635399341583,13.07309341430664,0.11141429841518402,0.0165468268096447,0.10104939341545105,6.418710708618164,0.10703843086957932
95,0.01830405369400978,0.08321376144886017,14.193320274353027,0.1147763654589653,0.013882778584957123,0.08497276157140732,5.364697456359863,0.09222519397735596
96,0.017319582402706146,0.08032260835170746,16.847251892089844,0.11021585762500763,0.019076533615589142,0.11365707963705063,7.227513313293457,0.11970912665128708
97,0.017320334911346436,0.079567089676857,12.628372192382812,0.11035466939210892,0.01735941506922245,0.10618899017572403,6.745043754577637,0.1123429387807846
98,0.017008299008011818,0.07968001067638397,13.71298599243164,0.10910722613334656,0.01596268266439438,0.09836895763874054,6.240804672241211,0.10462938249111176
99,0.01733683981001377,0.08101110905408859,15.425267219543457,0.11127626895904541,0.013192873448133469,0.08290205150842667,5.235543251037598,0.08995462954044342
100,0.016990024596452713,0.07971981167793274,15.44939136505127,0.10950064659118652,0.01923595368862152,0.11538718640804291,7.345909595489502,0.12112836539745331
101,0.01783326268196106,0.08189664781093597,16.551143646240234,0.11359170079231262,0.015941282734274864,0.10047221928834915,6.377318859100342,0.10665195435285568
102,0.017388077452778816,0.0797695443034172,12.705283164978027,0.11098716408014297,0.011076318100094795,0.0733409970998764,4.629659652709961,0.0801030844449997
103,0.01680808514356613,0.08001350611448288,14.94607162475586,0.1094629168510437,0.013295210897922516,0.08679940551519394,5.503455638885498,0.09283993393182755
104,0.016783447936177254,0.07967109233140945,14.046496391296387,0.10888499021530151,0.009006073698401451,0.05821267142891884,3.659371852874756,0.0654173269867897
105,0.0165262334048748,0.07883355766534805,12.736252784729004,0.10830167680978775,0.010267140343785286,0.06797754764556885,4.285952568054199,0.07484268397092819
106,0.016601761803030968,0.07923265546560287,14.641093254089355,0.10864517837762833,0.01436852291226387,0.09307625144720078,5.909046649932861,0.09894966334104538
107,0.01693703420460224,0.07984956353902817,13.649087905883789,0.11009182035923004,0.01007802877575159,0.06692543625831604,4.213931560516357,0.07414241880178452
108,0.01630391553044319,0.07821672409772873,14.609973907470703,0.1078876405954361,0.011562670581042767,0.07691481709480286,4.862900733947754,0.08337532728910446
109,0.017207039520144463,0.08197413384914398,13.438006401062012,0.11155308783054352,0.014284984208643436,0.09360942244529724,5.938286781311035,0.09971863776445389
110,0.016960784792900085,0.08103208243846893,13.966289520263672,0.11056473851203918,0.017376571893692017,0.10832247138023376,6.89324951171875,0.11396890878677368
111,0.016390016302466393,0.07920150458812714,13.936810493469238,0.10889880359172821,0.013564882799983025,0.08969462662935257,5.680822849273682,0.09612210094928741
112,0.016964605078101158,0.07970624417066574,13.57466983795166,0.11104507744312286,0.013327439315617085,0.08633877336978912,5.466509819030762,0.09273695200681686
113,0.0171261727809906,0.08117187023162842,15.586748123168945,0.11193660646677017,0.00932261161506176,0.06183717027306557,3.8860538005828857,0.06939361244440079
114,0.01722877472639084,0.0814228504896164,15.80813980102539,0.11246202141046524,0.015144066885113716,0.09874153137207031,6.282238960266113,0.10417439788579941
115,0.016283057630062103,0.07929287105798721,13.82332992553711,0.10879933834075928,0.006375448312610388,0.03194718807935715,2.0068047046661377,0.040570225566625595
116,0.01636093482375145,0.07812033593654633,13.906757354736328,0.10857823491096497,0.02060726284980774,0.12175515294075012,7.77148962020874,0.12686824798583984
117,0.01644999533891678,0.0803656354546547,14.960123062133789,0.11017810553312302,0.012965992093086243,0.08616048842668533,5.449244022369385,0.09288003295660019
118,0.017194075509905815,0.08055167645215988,14.283935546875,0.11263619363307953,0.016736997291445732,0.10649748891592026,6.77863883972168,0.11201722174882889
119,0.016198227182030678,0.07867863774299622,13.345824241638184,0.10842471569776535,0.012099177576601505,0.08125434815883636,5.13960599899292,0.08771800994873047
120,0.016106607392430305,0.07972819358110428,15.400327682495117,0.10853180289268494,0.01335266511887312,0.09025008231401443,5.72390079498291,0.09628415107727051
121,0.016548622399568558,0.07982432097196579,14.083976745605469,0.10991822183132172,0.018787043169140816,0.11618895828723907,7.403697967529297,0.1216423362493515
122,0.017301244661211967,0.08194828778505325,13.501487731933594,0.11313379555940628,0.005876814480870962,0.027501460164785385,1.7392055988311768,0.035620663315057755
123,0.016109764575958252,0.07822217047214508,12.597053527832031,0.10690111666917801,0.005905332043766975,0.0323881171643734,2.0326995849609375,0.0392024926841259
124,0.016374561935663223,0.07966947555541992,14.673490524291992,0.11020033806562424,0.010683826170861721,0.07436984777450562,4.706157207489014,0.08046816289424896
125,0.016132520511746407,0.07984302937984467,13.47394847869873,0.10905163735151291,0.017601249739527702,0.11163847893476486,7.114617347717285,0.11692770570516586
126,0.016479715704917908,0.07911314815282822,14.571525573730469,0.1097123920917511,0.008067989721894264,0.05545227229595184,3.4892642498016357,0.06218566372990608
127,0.016053561121225357,0.07919654250144958,13.342301368713379,0.10833977907896042,0.013176328502595425,0.08991208672523499,5.713226318359375,0.09539809077978134
128,0.01606142707169056,0.0793684795498848,13.414653778076172,0.10869068652391434,0.014368424192070961,0.09702502936124802,6.172053337097168,0.10241907089948654
129,0.016532329842448235,0.08102218061685562,13.666680335998535,0.11100213974714279,0.016207784414291382,0.10618700087070465,6.762741565704346,0.11150553822517395
130,0.016320915892720222,0.07994725555181503,15.818829536437988,0.11001475900411606,0.015498091466724873,0.10077674686908722,6.408037185668945,0.10639160126447678
131,0.01699582301080227,0.08265722543001175,17.464113235473633,0.11346657574176788,0.02228015847504139,0.13034102320671082,8.319449424743652,0.13565032184123993
132,0.016279134899377823,0.08031854033470154,15.899494171142578,0.1098862886428833,0.011662056669592857,0.08005274832248688,5.063636302947998,0.08645831048488617
133,0.016447369009256363,0.08092217147350311,13.688517570495605,0.11053354293107986,0.012801887467503548,0.08830589801073074,5.605357646942139,0.09402371197938919
134,0.016492430120706558,0.07995730638504028,15.4197359085083,0.11041988432407379,0.010672209784388542,0.07541772723197937,4.778323173522949,0.0812160074710846
135,0.015723835676908493,0.0794655829668045,14.045524597167969,0.10827808827161789,0.016889940947294235,0.10966956615447998,6.9958319664001465,0.11462904512882233
136,0.015650196000933647,0.07819200307130814,14.67354679107666,0.10727979987859726,0.008995619602501392,0.06497620791196823,4.092586994171143,0.0719233825802803
137,0.016134317964315414,0.078295037150383,14.40886116027832,0.1094045639038086,0.008166559040546417,0.058152541518211365,3.662290573120117,0.06475874781608582
138,0.01564064249396324,0.07849516719579697,14.265254974365234,0.10788431018590927,0.008413515985012054,0.059385184198617935,3.7355833053588867,0.06643791496753693
139,0.01649089902639389,0.080620177090168,12.317395210266113,0.1107429713010788,0.006209666840732098,0.03897370770573616,2.442490577697754,0.04623386636376381
140,0.015809733420610428,0.07974425703287125,12.912364959716797,0.10865920782089233,0.008767704479396343,0.06439439952373505,4.067296028137207,0.07052592933177948
141,0.015826473012566566,0.07913795113563538,14.97029972076416,0.10855390876531601,0.012899794615805149,0.09103028476238251,5.7911295890808105,0.09621242433786392
142,0.01610274612903595,0.0809292420744896,15.92440414428711,0.1105879694223404,0.007826746441423893,0.057013146579265594,3.590381622314453,0.06356740742921829
143,0.01597500778734684,0.08032770454883575,13.690707206726074,0.10967493057250977,0.01623319275677204,0.1077219545841217,6.8771748542785645,0.11242329329252243
144,0.01638922281563282,0.08156763017177582,16.595447540283203,0.11167991161346436,0.014743581414222717,0.098526231944561,6.271252155303955,0.10380376875400543
145,0.015436090528964996,0.07866257429122925,16.383798599243164,0.10806503146886826,0.019007569178938866,0.11948485672473907,7.625250339508057,0.12457302957773209
146,0.01594388298690319,0.079932302236557,14.009581565856934,0.10966356843709946,0.007849222049117088,0.05605171248316765,3.519531726837158,0.06356069445610046
147,0.016196653246879578,0.07992588728666306,11.914388656616211,0.1098608747124672,0.01961456425487995,0.12295080721378326,7.867831707000732,0.1273951530456543
148,0.015805212780833244,0.07941941171884537,15.914459228515625,0.10953649878501892,0.007967554964125156,0.05794556438922882,3.6458027362823486,0.06487756967544556
149,0.015558958984911442,0.07860396057367325,14.823302268981934,0.10776602476835251,0.012333475053310394,0.08897781372070312,5.662466526031494,0.09406823664903641
150,0.015195760875940323,0.07778733223676682,12.548829078674316,0.10689637064933777,0.015420223586261272,0.10432560741901398,6.65521764755249,0.1091577485203743
151,0.01566179096698761,0.08004774898290634,14.125079154968262,0.1087091863155365,0.014868974685668945,0.10141651332378387,6.4652814865112305,0.10635671764612198
152,0.015668334439396858,0.07944685965776443,12.864873886108398,0.10911412537097931,0.01247483491897583,0.08974237740039825,5.71187162399292,0.09480838477611542
153,0.015459850430488586,0.07798385620117188,13.782940864562988,0.10784274339675903,0.007277640048414469,0.05449743941426277,3.4371540546417236,0.06058335304260254
154,0.014896177686750889,0.07731862366199493,11.98560905456543,0.10551071166992188,0.014987722039222717,0.1025400310754776,6.5565185546875,0.10678824782371521
155,0.015337105840444565,0.0791471004486084,12.786504745483398,0.10833095759153366,0.019003335386514664,0.11975858360528946,7.657822132110596,0.1243015006184578
156,0.015895122662186623,0.07908666878938675,12.931675910949707,0.10951242595911026,0.01286251563578844,0.09258276224136353,5.914096832275391,0.09687445312738419
157,0.014845420606434345,0.07795624434947968,16.093507766723633,0.10587205737829208,0.00675191218033433,0.05060780420899391,3.1816341876983643,0.05730006843805313
158,0.015901004895567894,0.08034460991621017,12.715834617614746,0.11015371233224869,0.006769353058189154,0.04977547004818916,3.1334023475646973,0.056063462048769
159,0.015383275225758553,0.07910524308681488,12.959711074829102,0.10834617167711258,0.0166141577064991,0.11017368733882904,7.051836013793945,0.11430627107620239
160,0.015836572274565697,0.07994221150875092,15.1923189163208,0.10972367227077484,0.007652207277715206,0.06013273447751999,3.8073718547821045,0.06553106755018234
161,0.015391435474157333,0.07899250835180283,13.584783554077148,0.10870811343193054,0.009945860132575035,0.07531943172216415,4.7828803062438965,0.08053691685199738
162,0.015492076985538006,0.07934253662824631,13.015759468078613,0.10890556126832962,0.010324284434318542,0.07829578965902328,4.974340438842773,0.08345860242843628
163,0.015347897075116634,0.07932889461517334,12.888155937194824,0.10867862403392792,0.009290115907788277,0.07107460498809814,4.502081394195557,0.07673244923353195
164,0.015399472787976265,0.07997956871986389,16.938810348510742,0.10870061069726944,0.01245709229260683,0.09054483473300934,5.7559099197387695,0.09586549550294876
165,0.01611950621008873,0.08080548048019409,16.67693328857422,0.11136528104543686,0.01665649749338627,0.11056073755025864,7.0693278312683105,0.11490301042795181
166,0.015390967018902302,0.07880719006061554,13.928667068481445,0.10821618884801865,0.009002954699099064,0.06952749192714691,4.404356479644775,0.07510283589363098
167,0.015161916613578796,0.07884283363819122,13.248289108276367,0.10734084248542786,0.00893240887671709,0.06487815827131271,4.110817909240723,0.07023351639509201
168,0.015721295028924942,0.08053867518901825,14.203383445739746,0.11056938022375107,0.006543192081153393,0.04827529564499855,3.0335569381713867,0.05495257303118706
169,0.015929503366351128,0.08035196363925934,14.151126861572266,0.11046335101127625,0.005887364968657494,0.04087808355689049,2.567615509033203,0.04733956605195999
170,0.015365834347903728,0.07878145575523376,14.117918014526367,0.10855235904455185,0.011995980516076088,0.08715803176164627,5.554948329925537,0.09176433831453323
171,0.015722164884209633,0.08008389174938202,13.568503379821777,0.1102994754910469,0.02833287976682186,0.15273639559745789,9.809348106384277,0.15671023726463318
172,0.015606914646923542,0.07976223528385162,13.61502742767334,0.10996142774820328,0.005091184284538031,0.027661969885230064,1.7406678199768066,0.03480464592576027
173,0.015171983279287815,0.07843340188264847,17.465839385986328,0.10785524547100067,0.0117097869515419,0.08742498606443405,5.574294567108154,0.09193368256092072
174,0.015323638916015625,0.07879964262247086,12.62510871887207,0.10877356678247452,0.004819389432668686,0.02793066017329693,1.7562918663024902,0.03439616784453392
175,0.015135226771235466,0.07794415950775146,16.423744201660156,0.10747562348842621,0.005695092026144266,0.0420023612678051,2.6424546241760254,0.04797796532511711
176,0.015445539727807045,0.07913703471422195,12.792468070983887,0.10882696509361267,0.008402405306696892,0.0647718608379364,4.11775541305542,0.0693906769156456
177,0.014264711178839207,0.07491894066333771,14.333539009094238,0.10286002606153488,0.010080205276608467,0.07905284315347672,5.04839563369751,0.0830894485116005
178,0.015159488655626774,0.07909084856510162,13.817381858825684,0.108283132314682,0.010070650838315487,0.07830734550952911,4.992812156677246,0.08262822031974792
179,0.01516643725335598,0.07892962545156479,13.047431945800781,0.10808160901069641,0.005858263932168484,0.04305930435657501,2.7118706703186035,0.048815008252859116
180,0.015359731391072273,0.0789586678147316,13.296324729919434,0.10887791961431503,0.009581100195646286,0.07580240070819855,4.830365180969238,0.08017861843109131
181,0.015127149410545826,0.07962164282798767,13.664229393005371,0.10867716372013092,0.006013438105583191,0.0438971146941185,2.7608160972595215,0.05001327022910118
182,0.015086112543940544,0.07812744379043579,14.312067031860352,0.10704461485147476,0.010581458918750286,0.08137985318899155,5.1944966316223145,0.08551141619682312
183,0.015034814365208149,0.0783441811800003,11.734625816345215,0.10767246782779694,0.013812035322189331,0.09974908083677292,6.387537956237793,0.10351364314556122
184,0.014793818816542625,0.07892777025699615,13.753056526184082,0.10738088190555573,0.005609800107777119,0.041414182633161545,2.601520299911499,0.04773837700486183
185,0.015281214378774166,0.07930757850408554,12.913945198059082,0.1091357171535492,0.0054013971239328384,0.04036688059568405,2.534137010574341,0.04683680459856987
186,0.015462463721632957,0.07967522740364075,15.404437065124512,0.10944625735282898,0.01586410030722618,0.1081811711192131,6.921625137329102,0.11223606765270233
187,0.015048840083181858,0.07888266444206238,14.19887638092041,0.1085771918296814,0.013242109678685665,0.09589190036058426,6.116037368774414,0.10041522979736328
188,0.014983722940087318,0.07919907569885254,12.29177474975586,0.10725919157266617,0.008066141977906227,0.06520771980285645,4.134661674499512,0.07028616964817047
189,0.015514066442847252,0.07943764328956604,12.402630805969238,0.10998564213514328,0.004548550117760897,0.026454659178853035,1.66523015499115,0.032434411346912384
190,0.014402511529624462,0.07677610218524933,11.470991134643555,0.10501204431056976,0.012955696322023869,0.09424251317977905,6.0249247550964355,0.09820688515901566
191,0.01493214350193739,0.07855740934610367,14.56857967376709,0.10817403346300125,0.007663876749575138,0.060902126133441925,3.8591349124908447,0.06594888865947723
192,0.015122569166123867,0.07847995311021805,13.1666898727417,0.10780751705169678,0.008786225691437721,0.06986144930124283,4.446478366851807,0.07428015023469925
193,0.014477062970399857,0.07799027115106583,13.541983604431152,0.1061931774020195,0.004053897224366665,0.02161501720547676,1.3814988136291504,0.028395425528287888
194,0.014935120940208435,0.07896831631660461,14.235784530639648,0.10734687745571136,0.005324658006429672,0.03916756436228752,2.4612629413604736,0.04520093649625778
195,0.01499057188630104,0.07920292764902115,16.32280731201172,0.10833729803562164,0.01470269076526165,0.10450389981269836,6.689589977264404,0.10835185647010803
196,0.01485524047166109,0.07875099033117294,15.129819869995117,0.1079622432589531,0.007945054210722446,0.06492603570222855,4.1137189865112305,0.07009253650903702
197,0.014844337478280067,0.07879612594842911,14.877667427062988,0.10766670107841492,0.00499205756932497,0.037165891379117966,2.3346731662750244,0.04320560395717621
198,0.014729028567671776,0.07841719686985016,14.449614524841309,0.10698644816875458,0.00477569829672575,0.0348493754863739,2.1873981952667236,0.04107523709535599
199,0.01492348499596119,0.07832740992307663,13.48658561706543,0.10782758891582489,0.008794997818768024,0.06919422000646591,4.406780242919922,0.0734310895204544
