,date,open,high,low,close,tick_volume,spread,real_volume
0,19/04/1998,310.3,315.2,310,312.9,1483,0,0
1,26/04/1998,312.25,313.65,301.1,302.5,3892,0,0
2,03/05/1998,302.45,306,296.6,300.1,3295,0,0
3,10/05/1998,299.55,303.9,295.1,301.5,3560,0,0
4,17/05/1998,301,302.2,297,300.1,2475,0,0
5,24/05/1998,298.85,300.1,290.4,293.2,2925,0,0
6,31/05/1998,292.75,294.65,286.75,291.9,3065,0,0
7,07/06/1998,290.95,299.3,284.5,286.25,5700,0,0
8,14/06/1998,285.25,300.5,283.7,299,4030,0,0
9,21/06/1998,299.29,299.8,291.9,294.1,3096,0,0
10,28/06/1998,292.9,298.7,291.9,295.1,2545,0,0
11,05/07/1998,293.85,296.15,289.5,291.1,2935,0,0
12,12/07/1998,289.6,295.7,288,294.75,2534,0,0
13,19/07/1998,293.45,296.1,290.2,291.7,2355,0,0
14,26/07/1998,291.1,292.4,285.7,286.7,2665,0,0
15,02/08/1998,286.2,290.35,282.5,286.9,3035,0,0
16,09/08/1998,286.1,287.7,282,284.3,2690,0,0
17,16/08/1998,284.2,287.3,282.2,285.05,2870,0,0
18,23/08/1998,283.9,285.55,270.75,274.6,3745,0,0
19,30/08/1998,273.9,287.7,273.8,287.1,3185,0,0
20,06/09/1998,286.5,297.3,282.9,294,4020,0,0
21,13/09/1998,292.45,293.6,286.35,291.7,3350,0,0
22,20/09/1998,290.4,300.3,287.05,294.4,3930,0,0
23,27/09/1998,293.15,303.8,291.6,300.8,3915,0,0
24,04/10/1998,300.1,305.2,293.8,297,3945,0,0
25,11/10/1998,296.75,301.3,294.4,300.2,3100,0,0
26,18/10/1998,299.8,300.3,291.2,293.1,2700,0,0
27,25/10/1998,291.85,295,290.6,292.8,1910,0,0
28,01/11/1998,292.6,295.1,287.6,293.4,2725,0,0
29,08/11/1998,292.4,298,289.5,296.2,3089,0,0
30,15/11/1998,295.5,298.65,293.25,296.4,2465,0,0
31,22/11/1998,295.9,297.7,294.9,296.55,1740,0,0
32,29/11/1998,295.8,296.8,291.2,292.7,2341,0,0
33,06/12/1998,291.8,297.6,289.3,291.1,3165,0,0
34,13/12/1998,291.45,296.7,288.4,289.3,2700,0,0
35,20/12/1998,289.5,291.1,285,286.5,2309,0,0
36,27/12/1998,285.6,289,285.5,288.5,1269,0,0
37,03/01/1999,288.3,292.6,285.9,291.6,2230,0,0
38,10/01/1999,290.9,293.75,284.4,286.7,2620,0,0
39,17/01/1999,285.9,289,285.05,286.6,1995,0,0
40,24/01/1999,286.2,288.7,281.4,286.4,2735,0,0
41,31/01/1999,286.4,290.7,286,288.8,2145,0,0
42,07/02/1999,288.4,290.8,286.2,289.8,1865,0,0
43,14/02/1999,289.15,290.95,284.2,288.6,2340,0,0
44,21/02/1999,287.6,288.9,285.1,287.3,2205,0,0
45,28/02/1999,286.5,289.6,285.1,288.2,2000,0,0
46,07/03/1999,287.8,294.65,287.7,292.1,1985,0,0
47,14/03/1999,291.9,292.45,281.4,284.5,3125,0,0
48,21/03/1999,283.7,285.8,278.7,280,2400,0,0
49,28/03/1999,279.85,281.45,278.1,280.7,1539,0,0
50,04/04/1999,279.6,282.5,277,281.8,2160,0,0
51,11/04/1999,281.65,285.4,280.5,284.5,2425,0,0
52,18/04/1999,283.3,285.65,282.35,283.8,1555,0,0
53,25/04/1999,283.15,288.1,280.05,286.8,2630,0,0
54,02/05/1999,286.2,290.2,279.05,283,3195,0,0
55,09/05/1999,282.1,282.6,275.1,276.2,2860,0,0
56,16/05/1999,275.5,277.15,271.85,273.2,2475,0,0
57,23/05/1999,271.75,273.8,267.4,270.5,2845,0,0
58,30/05/1999,269.9,271.65,263.25,265.5,3005,0,0
59,06/06/1999,264.4,267.9,256.9,260.9,3495,0,0
60,13/06/1999,259,263.65,257.75,259.8,2665,0,0
61,20/06/1999,258.8,261.9,257.7,259.7,2120,0,0
62,27/06/1999,259.35,263.9,258.8,263,1280,0,0
63,04/07/1999,262.8,263.75,255.25,257.4,3075,0,0
64,11/07/1999,256.5,257.55,252.45,254.1,2660,0,0
65,18/07/1999,253.75,257.4,252.05,255,2135,0,0
66,25/07/1999,255.4,257.5,252.6,256.2,2215,0,0
67,01/08/1999,255.65,258.85,253.6,255.7,2595,0,0
68,08/08/1999,255.7,261.95,255.15,260.9,2255,0,0
69,15/08/1999,260.1,262.5,257.1,257.6,2565,0,0
70,22/08/1999,256.85,258.15,251.7,254,2360,0,0
71,29/08/1999,253.25,256.7,253.05,254.5,2285,0,0
72,05/09/1999,254,257.85,253.95,256.8,1395,0,0
73,12/09/1999,256.25,258.2,254.5,255,1675,0,0
74,19/09/1999,254.5,271.75,254.15,269,3375,0,0
75,26/09/1999,268.5,327.8,268.5,310.3,17130,0,0
76,03/10/1999,307,342,307,322.2,13445,0,0
77,10/10/1999,319,326.6,310.5,316.4,8995,0,0
78,17/10/1999,313.38,320,300.1,303.9,7972,0,0
79,24/10/1999,301.3,304,285.75,300.2,6955,0,0
80,31/10/1999,294.5,299,286,291.6,5796,0,0
81,07/11/1999,286.75,299.75,286.4,291.8,4005,0,0
82,14/11/1999,290.75,297.38,288.6,295.5,3271,0,0
83,21/11/1999,293.85,300.4,293.4,297.62,2349,0,0
84,28/11/1999,296.2,298.65,278.88,280.3,4918,0,0
85,05/12/1999,278.4,286.5,274,279.2,4939,0,0
86,12/12/1999,278.4,286.38,278,284.3,3221,0,0
87,19/12/1999,283.3,291,281.88,287.75,3245,0,0
88,26/12/1999,287.12,292.2,286.5,289,2759,0,0
89,02/01/2000,287.5,291.5,278.7,282,4736,0,0
90,09/01/2000,281.15,285.68,280.25,284.6,2597,0,0
91,16/01/2000,283.8,290.25,282.4,289.5,2905,0,0
92,23/01/2000,287,291.5,280.3,282.75,4169,0,0
93,30/01/2000,281.6,315.8,281.5,310.8,6740,0,0
94,06/02/2000,313,327,294.8,311.15,11670,0,0
95,13/02/2000,310.35,316.75,297,305.75,8890,0,0
96,20/02/2000,303.4,307.5,291.1,294.5,5219,0,0
97,27/02/2000,291.25,295.35,286.88,289,4653,0,0
98,05/03/2000,288,294.7,287,289.5,4636,0,0
99,12/03/2000,290,292.65,282.4,285.1,4295,0,0
100,19/03/2000,282.8,292.15,282.35,285.5,5515,0,0
101,26/03/2000,284.5,285.85,274,279.4,4630,0,0
102,02/04/2000,278.5,289.25,275.3,280.7,6106,0,0
103,09/04/2000,280.1,287,278.55,283.1,4435,0,0
104,16/04/2000,284.25,285.8,278.3,280.5,3030,0,0
105,23/04/2000,279.5,281.4,272.6,273.6,3517,0,0
106,30/04/2000,275,283.3,272.1,279.2,3840,0,0
107,07/05/2000,278.7,281.2,275,276.4,3135,0,0
108,14/05/2000,276.2,278,271.5,274.5,3480,0,0
109,21/05/2000,273.85,277.65,268.7,272.8,3890,0,0
110,28/05/2000,272.2,283.2,271,281.4,3535,0,0
111,04/06/2000,280.8,291.65,277.6,284.35,5590,0,0
112,11/06/2000,282.75,294.62,282.65,289.5,5574,0,0
113,18/06/2000,288.9,290.9,282.2,283.4,3880,0,0
114,25/06/2000,282.9,293.6,281.55,289.3,3725,0,0
115,02/07/2000,288.6,290.6,281.6,284,3675,0,0
116,09/07/2000,283.4,285.9,279,281.3,2715,0,0
117,16/07/2000,280.2,284.65,277.05,280.6,3435,0,0
118,23/07/2000,280.25,282.15,277.3,278.9,3080,0,0
119,30/07/2000,278,279.6,271.7,273.5,3580,0,0
120,06/08/2000,272.5,276.05,270.8,275.4,2985,0,0
121,13/08/2000,274.5,279.4,272.6,277.15,3185,0,0
122,20/08/2000,276.45,277.8,270,274.5,3130,0,0
123,27/08/2000,273.4,279.1,272.1,277,2640,0,0
124,03/09/2000,276.7,278.35,271,273.4,3260,0,0
125,10/09/2000,272.7,276.05,270.6,272.7,3130,0,0
126,17/09/2000,271.8,276.5,268.25,272.4,3750,0,0
127,24/09/2000,271.9,279.95,271.55,274.5,3365,0,0
128,01/10/2000,274.1,275.05,268.4,269.9,3320,0,0
129,08/10/2000,269.15,278.1,268.25,272.9,3600,0,0
130,15/10/2000,272.65,275.7,268.9,271.8,4100,0,0
131,22/10/2000,270.9,272.65,261.85,264.72,3687,0,0
132,29/10/2000,264.42,267.3,262.85,265.4,3397,0,0
133,05/11/2000,265.45,267.3,263,265,3070,0,0
134,12/11/2000,264.75,268.85,263.65,266,2750,0,0
135,19/11/2000,266,268.45,265,266.1,2185,0,0
136,26/11/2000,265.7,273.5,265.25,269.6,3885,0,0
137,03/12/2000,269.5,276.4,269.1,273,3465,0,0
138,10/12/2000,272.5,273.75,267.8,270.7,2590,0,0
139,17/12/2000,270.3,275.95,268.75,274.2,2705,0,0
140,24/12/2000,273.54,276.65,270.65,272.5,2505,0,0
141,31/12/2000,272.45,274,266,268.4,3195,0,0
142,07/01/2001,267.85,270.4,263,264.57,2763,0,0
143,14/01/2001,264.1,267.25,262.36,265,2630,0,0
144,21/01/2001,264.5,269.75,261.7,263.55,4025,0,0
145,28/01/2001,262.9,269.45,262.05,267.8,2990,0,0
146,04/02/2001,267.2,268.05,258.8,260.9,3540,0,0
147,11/02/2001,260.4,262.6,253.5,259.2,3275,0,0
148,18/02/2001,258.6,262.4,255.65,261.8,2880,0,0
149,25/02/2001,261.3,270.12,261.25,263.1,3679,0,0
150,04/03/2001,262.5,273.05,259.5,272,3615,0,0
151,11/03/2001,271.9,275.6,257.95,259.3,4965,0,0
152,18/03/2001,259.1,264.6,258.25,262.6,2825,0,0
153,25/03/2001,261.9,264,256.75,258.2,3125,0,0
154,01/04/2001,257.8,261.25,254.2,260.3,3160,0,0
155,08/04/2001,259.8,261.75,256.05,259.5,2895,0,0
156,15/04/2001,259,266.1,257.95,264.9,3435,0,0
157,22/04/2001,264.15,267.45,261.35,263.9,3140,0,0
158,29/04/2001,263.3,268.05,262.65,266.4,1725,0,0
159,06/05/2001,266.15,271.25,264.05,268.3,2804,0,0
160,13/05/2001,267.9,287.3,266,287.3,3845,0,0
161,20/05/2001,285.75,299,274.57,277.9,8971,0,0
162,27/05/2001,277.4,280,264.4,267.3,4824,0,0
163,03/06/2001,266.5,275.5,264.25,274,3375,0,0
164,10/06/2001,273,277.4,266.1,271.8,5055,0,0
165,17/06/2001,271,276.2,270.6,272.9,3610,0,0
166,24/06/2001,272.3,279.55,267.3,271.1,4775,0,0
167,01/07/2001,270.6,272.5,264.15,266.5,3285,0,0
168,08/07/2001,266.5,270.35,265.1,267.6,2760,0,0
169,15/07/2001,266.95,272.35,266.25,270.3,3010,0,0
170,22/07/2001,270.15,270.8,265,267.8,2560,0,0
171,29/07/2001,267.6,269.55,264,268.8,2675,0,0
172,05/08/2001,268.5,277.55,265.75,274.8,3350,0,0
173,12/08/2001,273.5,281.7,273,279.5,3645,0,0
174,19/08/2001,279,280.05,271.55,273.1,3915,0,0
175,26/08/2001,272.25,276.75,270.15,274.7,3170,0,0
176,02/09/2001,274.45,275.25,270.7,273.4,2635,0,0
177,09/09/2001,273,296,270.45,285.8,10345,0,0
178,16/09/2001,288,296.1,283.75,291.7,6821,0,0
179,23/09/2001,290.5,294.65,286.5,293.45,5166,0,0
180,30/09/2001,292,293.7,288.1,291.2,3917,0,0
181,07/10/2001,290.75,294.62,279.7,284.7,5254,0,0
182,14/10/2001,284.2,286.25,277.2,279.9,4675,0,0
183,21/10/2001,279.4,280,273.95,277.6,2875,0,0
184,28/10/2001,277.1,282.5,276.65,280.2,2860,0,0
185,04/11/2001,279.7,281.6,276,277.95,3035,0,0
186,11/11/2001,277.2,282.5,273.45,275.1,4025,0,0
187,18/11/2001,274.1,275.25,271.7,272.65,1425,0,0
188,25/11/2001,272.3,276.55,272,274.65,1730,0,0
189,02/12/2001,274.15,278.7,273.1,274.3,2075,0,0
190,09/12/2001,273.8,278.95,270.95,278.2,1795,0,0
191,16/12/2001,276.85,281.75,274,277.9,2840,0,0
192,23/12/2001,277.2,280.75,275.55,276.3,2091,0,0
193,30/12/2001,275.9,279.75,275.65,278.7,2080,0,0
194,06/01/2002,277.9,289,276.9,287.3,2832,0,0
195,13/01/2002,286.1,289,282.45,283.3,2800,0,0
196,20/01/2002,282.8,283.55,277.35,279.2,2155,0,0
197,27/01/2002,278.7,286.7,276.6,286,2660,0,0
198,03/02/2002,285.25,308.3,284.9,303.5,6127,0,0
199,10/02/2002,303,304.8,295.1,297.6,4215,0,0
200,17/02/2002,298,298.88,289.55,292.5,3079,0,0
201,24/02/2002,292.25,299.12,290.4,297.9,2848,0,0
202,03/03/2002,297.1,299.62,287.4,289.5,2884,0,0
203,10/03/2002,289.35,295.15,288.85,289.8,2690,0,0
204,17/03/2002,289.8,298.38,289.5,298,1917,0,0
205,24/03/2002,296.9,304.27,295.35,302.25,2424,0,0
206,31/03/2002,301.75,306.45,297.75,299.8,3274,0,0
207,07/04/2002,299.35,302.75,296.75,301.9,2475,0,0
208,14/04/2002,301.4,305.6,297.15,302.1,2875,0,0
209,21/04/2002,301.5,311.5,301.35,311.1,2720,0,0
210,28/04/2002,310.25,312.85,306.35,311.7,3095,0,0
211,05/05/2002,311,313.4,307.55,310.8,2975,0,0
212,12/05/2002,310.1,311.65,305.95,310.8,2045,0,0
213,19/05/2002,310.1,323.48,309.75,320.3,4431,0,0
214,26/05/2002,319.8,329.25,319.5,326.3,4290,0,0
215,02/06/2002,325.8,331.15,319.75,323.7,4350,0,0
216,09/06/2002,324.1,324.6,315.45,319.6,4170,0,0
217,16/06/2002,318.6,324.6,316.25,324.4,2540,0,0
218,23/06/2002,323.9,326.3,309.9,314.2,5980,0,0
219,30/06/2002,313.7,315.4,310,311.8,2145,0,0
220,07/07/2002,310.7,317.5,309.9,315.8,3165,0,0
221,14/07/2002,315.7,325.4,315.5,323.7,3445,0,0
222,21/07/2002,323.2,325.23,300.5,303.5,6516,0,0
223,28/07/2002,303.7,307.5,298.45,306.9,3180,0,0
224,04/08/2002,306.6,315.05,303.7,314.3,3985,0,0
225,11/08/2002,313.8,317.5,310.8,313.7,3195,0,0
226,18/08/2002,313.2,315.4,303.95,306.8,3745,0,0
227,25/08/2002,306.2,314.3,306.2,312.5,2775,0,0
228,01/09/2002,312,321.1,310.9,320,2205,0,0
229,08/09/2002,319.4,323.6,314.4,316.6,3000,0,0
230,15/09/2002,316.55,324.5,313.5,322.15,8492,0,0
231,22/09/2002,322.15,328.3,318.5,319.95,7833,0,0
232,29/09/2002,320.25,325.5,319,322.25,4885,0,0
233,06/10/2002,322.25,323.7,315.9,316.75,3369,0,0
234,13/10/2002,318.45,319.1,310.22,312.85,9091,0,0
235,20/10/2002,312.5,314.6,308.5,313.05,4785,0,0
236,27/10/2002,313.27,321.8,312.5,318.75,6594,0,0
237,03/11/2002,320.35,323.5,316.5,321.55,5760,0,0
238,10/11/2002,321.55,325.4,316.5,320.55,8395,0,0
239,17/11/2002,320.55,322.5,316.3,321.05,6153,0,0
240,24/11/2002,320.15,321.5,315.62,317.9,4227,0,0
241,01/12/2002,318.47,329.6,315.7,326.25,8188,0,0
242,08/12/2002,326.57,336,322.3,330.55,7011,0,0
243,15/12/2002,333.15,354.72,331.9,340.75,10693,0,0
244,22/12/2002,340.76,351.51,340.45,349.25,5549,0,0
245,29/12/2002,349.17,353.5,341.1,351.25,8836,0,0
246,05/01/2003,349.85,357.75,344.45,354.75,13924,0,0
247,12/01/2003,354.75,359.2,345.51,356.55,12530,0,0
248,19/01/2003,356.55,370.5,353.05,368.35,10417,0,0
249,26/01/2003,373.97,374.22,362.4,368.15,12584,0,0
250,02/02/2003,368.15,388.75,366.75,369.75,14699,0,0
251,09/02/2003,370,373.36,346.75,351.55,14859,0,0
252,16/02/2003,351,355.05,341,351.9,12305,0,0
253,23/02/2003,351.75,360.65,344.75,349.95,13194,0,0
254,02/03/2003,349.5,358.6,344.7,350.75,13161,0,0
255,09/03/2003,352.22,355.5,331.45,336.35,9998,0,0
256,16/03/2003,339.95,345.65,325.49,326.05,10092,0,0
257,23/03/2003,328.13,334.7,325.88,332.45,9520,0,0
258,30/03/2003,332.61,339.15,321.88,325.38,10311,0,0
259,06/04/2003,321.72,329.55,318.88,328.05,10633,0,0
260,13/04/2003,326.13,328.5,321.88,327,6699,0,0
261,20/04/2003,327.13,336.66,326.3,333.25,10107,0,0
262,27/04/2003,333.34,344,327.13,340.95,10912,0,0
263,04/05/2003,341.72,349.95,339.15,348.55,10220,0,0
264,11/05/2003,348.8,357.5,348.05,354.75,10654,0,0
265,18/05/2003,357,373.65,356.4,368.75,11734,0,0
266,25/05/2003,368,375.02,358.3,364.85,9158,0,0
267,01/06/2003,363.25,370.3,359.36,363.85,11546,0,0
268,08/06/2003,362.75,367.45,350.7,356.75,11605,0,0
269,15/06/2003,356.75,365.28,355.1,356.25,8219,0,0
270,22/06/2003,357.25,358.86,342.4,345.22,11373,0,0
271,29/06/2003,345.11,353.85,343.8,351.05,6726,0,0
272,06/07/2003,350.63,352.08,342.07,344.8,17244,0,0
273,13/07/2003,345,349.77,340.1,347.15,16525,0,0
274,20/07/2003,347.5,364.92,346.7,362.75,11845,0,0
275,27/07/2003,362.75,368,344.95,346.35,11494,0,0
276,03/08/2003,347.6,358.25,345.48,356.75,10709,0,0
277,10/08/2003,356.34,367.8,350.77,363.5,10239,0,0
278,17/08/2003,363.61,367.15,355.95,362.95,11601,0,0
279,24/08/2003,362.55,378,358.9,375.55,13901,0,0
280,31/08/2003,375,379.55,369.55,377.35,5414,0,0
281,07/09/2003,377,384.1,373.25,375.3,12299,0,0
282,14/09/2003,375.5,383.8,371.35,381.8,11459,0,0
283,21/09/2003,381.25,394,378.8,380.6,12956,0,0
284,28/09/2003,381.5,388.8,366,369.55,12639,0,0
285,05/10/2003,369.8,378.7,367.7,373.65,11483,0,0
286,12/10/2003,373.1,377.1,366.2,371.55,12687,0,0
287,19/10/2003,371.3,392.7,369.25,388.8,14865,0,0
288,26/10/2003,387.6,391.95,379.4,384.5,14236,0,0
289,02/11/2003,384.6,385.6,375.65,383.3,13889,0,0
290,09/11/2003,382.8,399.4,381.85,397.48,20074,0,0
291,16/11/2003,396.7,401.01,385.55,395.82,23448,0,0
292,23/11/2003,395.82,401.1,389.23,398.05,15912,0,0
293,30/11/2003,397.5,407.15,396.55,406.1,19093,0,0
294,07/12/2003,406.3,412.25,402.74,409.05,2484,0,0
295,14/12/2003,403.2,412.9,401.05,409.1,2492,0,0
296,21/12/2003,409.35,414.3,407.8,413.3,956,0,0
297,28/12/2003,413.55,417.9,411.7,415.3,1283,0,0
298,04/01/2004,415.55,430.7,415.3,426.55,3149,0,0
299,11/01/2004,426.75,429.1,405.2,406.6,3493,0,0
300,18/01/2004,406.65,413.5,405.1,407.7,2161,0,0
301,25/01/2004,407.7,415.3,396.3,402.4,2614,0,0
302,01/02/2004,402.3,409,394.1,403.35,2496,0,0
303,08/02/2004,403.48,417.5,402.25,410.03,4465,0,0
304,15/02/2004,410.03,417.12,393.7,397.4,4661,0,0
305,22/02/2004,397,405.3,390.6,396.24,4886,0,0
306,29/02/2004,396.25,403.31,387.9,401.35,5101,0,0
307,07/03/2004,401.34,406.4,394.7,395.35,13577,0,0
308,14/03/2004,395.37,413.4,395.06,412.41,18429,0,0
309,21/03/2004,412.38,424,411.06,421.95,14863,0,0
310,28/03/2004,422.08,432.6,416.16,421.39,14984,0,0
311,04/04/2004,421.48,424.2,413.2,421.26,14044,0,0
312,11/04/2004,421.07,422.32,395.37,400.82,14494,0,0
313,18/04/2004,400.37,405.5,389.56,395.19,14368,0,0
314,25/04/2004,395.1,399.5,377.38,387.59,11222,0,0
315,02/05/2004,387.59,395.19,377.4,378.99,13279,0,0
316,09/05/2004,379.02,384.7,371.45,377.06,11000,0,0
317,16/05/2004,376.82,387.58,375.04,384.97,17038,0,0
318,23/05/2004,384.97,396.98,383.25,394.07,11642,0,0
319,30/05/2004,394.05,399.18,384.37,391.03,8318,0,0
320,06/06/2004,390.6,395.31,381.6,384.3,9431,0,0
321,13/06/2004,384.8,396.55,381.35,394.8,10314,0,0
322,20/06/2004,394.6,403.55,392.35,401.6,9289,0,0
323,27/06/2004,402.5,405.35,390.55,398.55,10364,0,0
324,04/07/2004,398.13,409.47,388.41,407.48,6068,0,0
325,11/07/2004,407.49,408.98,400.73,406.4,5245,0,0
326,18/07/2004,406.14,408.38,387,390.28,4567,0,0
327,25/07/2004,390.43,393.95,385.18,391.33,4943,0,0
328,01/08/2004,391.27,400.4,388.73,399.55,3389,0,0
329,08/08/2004,394.65,401.32,392.4,398.97,8912,0,0
330,15/08/2004,398.97,414.44,398.29,413.12,7895,0,0
331,22/08/2004,413.08,413.43,400.72,403.2,10723,0,0
332,29/08/2004,403.23,411.42,398.98,400.51,9127,0,0
333,05/09/2004,400.51,403.46,394.87,402,11322,0,0
334,12/09/2004,402.01,407.43,398.95,405.91,14511,0,0
335,19/09/2004,405.91,412.48,403.43,408.05,11893,0,0
336,26/09/2004,408.08,420.08,407.2,419.49,13850,0,0
337,03/10/2004,419.3,423.95,411.55,422.8,6959,0,0
338,10/10/2004,422.6,423.55,409.55,418.8,6146,0,0
339,17/10/2004,418.6,426.55,414.55,424.2,6322,0,0
340,24/10/2004,424.35,430.55,420.3,428.6,4406,0,0
341,31/10/2004,429.1,434.35,417.05,433.6,6474,0,0
342,07/11/2004,433.6,439.25,430.95,437.8,5917,0,0
343,14/11/2004,438.3,448.55,435.05,447.1,8469,0,0
344,21/11/2004,446.55,455.55,445.75,452.25,3825,0,0
345,28/11/2004,452.5,457.05,446.85,455.8,6916,0,0
346,05/12/2004,455.3,456.55,431.51,434.32,35399,0,0
347,12/12/2004,434.23,447.58,433.91,441.5,39229,0,0
348,19/12/2004,441.52,444.48,438.65,442.59,22220,0,0
349,26/12/2004,442.59,445.77,433.33,438.32,20711,0,0
350,02/01/2005,438.45,438.71,416.57,419.02,39306,0,0
351,09/01/2005,419.02,428.09,418.65,423.1,29056,0,0
352,16/01/2005,423.11,428.69,419.9,427.23,23784,0,0
353,23/01/2005,427.21,461.35,420.91,427.05,27354,0,0
354,30/01/2005,426.46,426.75,413.78,414.7,27811,0,0
355,06/02/2005,414.78,422.35,410.25,420.91,25810,0,0
356,13/02/2005,420.91,428.88,420.48,427.2,23777,0,0
357,20/02/2005,427.18,437.1,422.96,434.82,20966,0,0
358,27/02/2005,435.25,438.43,428.58,434.2,30172,0,0
359,06/03/2005,434.3,447.5,433.1,445.85,17953,0,0
360,13/03/2005,446.06,446.38,435.61,439.33,26747,0,0
361,20/03/2005,439.31,439.61,424.16,425.47,23271,0,0
362,27/03/2005,425.48,429.3,423.28,426.08,20717,0,0
363,03/04/2005,426.25,428.77,422.28,427.05,24019,0,0
364,10/04/2005,427.05,430.75,421.83,424.8,24629,0,0
365,17/04/2005,424.84,438.45,423.02,434.61,28269,0,0
366,24/04/2005,434.66,437.94,430.35,434.95,26939,0,0
367,01/05/2005,434.96,435.87,423.79,426.23,26904,0,0
368,08/05/2005,426.2,429.07,418.7,420.2,25992,0,0
369,15/05/2005,420.25,423.5,416.4,417.65,23656,0,0
370,22/05/2005,417.7,420.74,416.06,420.43,20205,0,0
371,29/05/2005,420.45,425.2,414.15,422.43,21108,0,0
372,05/06/2005,422.55,428.9,420.9,427,22089,0,0
373,12/06/2005,427,439.7,424,437.65,17524,0,0
374,19/06/2005,437.7,444,433.8,439.85,14426,0,0
375,26/06/2005,439.8,440.7,426.6,427.55,14759,0,0
376,03/07/2005,427.7,429.3,421.1,423.05,14143,0,0
377,10/07/2005,423.15,428.15,417.85,421.55,17284,0,0
378,17/07/2005,421.6,427.2,418.65,425,14463,0,0
379,24/07/2005,425.05,431.2,421.65,429.6,16261,0,0
380,31/07/2005,429.55,439.75,428.8,437.25,18225,0,0
381,07/08/2005,437.3,450.04,432.75,446.15,28646,0,0
382,14/08/2005,445.9,447.3,435.75,436.4,30167,0,0
383,21/08/2005,436,441.25,435.6,437.4,30731,0,0
384,28/08/2005,437.6,447.5,429.05,444.5,30802,0,0
385,04/09/2005,444.45,449.8,442.72,449,22424,0,0
386,11/09/2005,448.2,460.35,444.4,459.4,28009,0,0
387,18/09/2005,459.5,475.2,458.3,463.7,37152,0,0
388,25/09/2005,463.49,474.5,457.7,468.95,39283,0,0
389,02/10/2005,468.86,475.85,462.75,474.6,33699,0,0
390,09/10/2005,474.68,480.11,465.5,469.31,38137,0,0
391,16/10/2005,469.4,475.5,459.75,466.8,37611,0,0
392,23/10/2005,466.62,475.75,463,472.85,38407,0,0
393,30/10/2005,472.85,473.05,454.75,456.49,39961,0,0
394,06/11/2005,456.6,470.15,455.95,468.5,32263,0,0
395,13/11/2005,468.3,488.85,466.4,485.05,33479,0,0
396,20/11/2005,485.6,496.85,484.6,495.75,25196,0,0
397,27/11/2005,495.65,506.5,490.7,503.15,35700,0,0
398,04/12/2005,503.05,530.78,503.05,525.85,14611,0,0
399,11/12/2005,526,541,492.85,502.75,11259,0,0
400,18/12/2005,501.8,509.05,489.45,502.81,9342,0,0
401,25/12/2005,503.05,517.85,502.35,516.97,6766,0,0
402,01/01/2006,516.85,540.03,516.54,539.28,26175,0,0
403,08/01/2006,539,557.75,534.95,555.71,31576,0,0
404,15/01/2006,555.9,568.03,539.95,553.54,24979,0,0
405,22/01/2006,553.53,566.65,551.35,558.94,22763,0,0
406,29/01/2006,556.6,575.1,556.6,567.4,23615,0,0
407,05/02/2006,567,573.78,544.75,550.75,31665,0,0
408,12/02/2006,549,554.4,534.65,551.75,35963,0,0
409,19/02/2006,551.75,559.4,547.09,558.75,25977,0,0
410,26/02/2006,558.65,570.54,552.4,565.07,26805,0,0
411,05/03/2006,565.21,568.2,533.5,540.7,35336,0,0
412,12/03/2006,540.7,557.6,540.45,553.6,28599,0,0
413,19/03/2006,553.75,561.1,544.1,560,30220,0,0
414,26/03/2006,559.85,589.4,558.4,583.3,33506,0,0
415,02/04/2006,583.4,597.9,581.65,588.87,36844,0,0
416,09/04/2006,591.35,604.03,590,598.26,35727,0,0
417,16/04/2006,598.25,645.65,598.05,634.9,41108,0,0
418,23/04/2006,633.8,655.8,618.78,654.54,36790,0,0
419,30/04/2006,654.2,684.1,650.38,683.3,34467,0,0
420,07/05/2006,683.6,730.25,671.15,714.98,37457,0,0
421,14/05/2006,714.35,720.15,650.79,659.77,32434,0,0
422,21/05/2006,657.3,674.67,635.35,653.23,29914,0,0
423,28/05/2006,653.5,665.1,618.78,638.07,17627,0,0
424,04/06/2006,637.9,645.35,600.7,605.75,26508,0,0
425,11/06/2006,607.05,611.53,542.55,579.55,26831,0,0
426,18/06/2006,579.91,594.7,560.71,583.02,21187,0,0
427,25/06/2006,583.05,616.2,576.37,615.29,23361,0,0
428,02/07/2006,613.95,637.21,613,628.77,19784,0,0
429,09/07/2006,628.75,667.56,620.21,664.45,26034,0,0
430,16/07/2006,669.28,676.05,615.6,621.05,28350,0,0
431,23/07/2006,619.6,640.55,601.9,634.46,23156,0,0
432,30/07/2006,635.02,655.92,628.44,646.2,25490,0,0
433,06/08/2006,645.11,654.66,626.03,631.45,24898,0,0
434,13/08/2006,635.3,635.3,607.11,614.41,25619,0,0
435,20/08/2006,614.35,629.98,613.47,622.47,22836,0,0
436,27/08/2006,622.24,627.52,607.15,625.59,21970,0,0
437,03/09/2006,625.32,640.1,606.4,610.44,18875,0,0
438,10/09/2006,610.43,610.43,572.4,577.32,24106,0,0
439,17/09/2006,578.02,592.5,572.03,589.15,22647,0,0
440,24/09/2006,589.75,606.82,581.97,598.55,22683,0,0
441,01/10/2006,598.54,603.27,559.22,573.65,15893,0,0
442,08/10/2006,574.15,590.23,570,588.8,17902,0,0
443,15/10/2006,591.55,602.63,585.93,596.95,41520,0,0
444,22/10/2006,591.82,599.8,577.4,599.1,19873,0,0
445,29/10/2006,598.3,629,597.6,626.8,21057,0,0
446,05/11/2006,627.67,636.4,612.97,627.81,20289,0,0
447,12/11/2006,627.9,632.35,614.35,621.18,18051,0,0
448,19/11/2006,621,639.84,620.05,637.96,12956,0,0
449,26/11/2006,639.6,649.65,632.43,645.6,13914,0,0
450,03/12/2006,645.55,648.4,623.25,624.43,40296,0,0
451,10/12/2006,624.42,630.85,614.22,615.35,16428,0,0
452,17/12/2006,614.99,624.25,611.35,620.11,23664,0,0
453,24/12/2006,620.85,635.69,619.86,635.19,8836,0,0
454,31/12/2006,636.45,645.2,601.5,607.65,41400,0,0
455,07/01/2007,607.65,627.32,603.3,626.5,49359,0,0
456,14/01/2007,626.5,636.45,619.7,635.4,29023,0,0
457,21/01/2007,635.4,654.7,631.6,646,41702,0,0
458,28/01/2007,646,661.45,640.7,647.85,39259,0,0
459,04/02/2007,647.85,669.1,645.7,666.8,43169,0,0
460,11/02/2007,666.8,671.7,659.6,668.35,45108,0,0
461,18/02/2007,668.7,688.2,655.3,682.2,45051,0,0
462,25/02/2007,682.4,688.95,639.1,642.15,71094,0,0
463,04/03/2007,642.2,657.9,632.2,649.15,64215,0,0
464,11/03/2007,649.1,655.35,636.5,653.1,48847,0,0
465,18/03/2007,652.6,666.55,651.7,657.15,42444,0,0
466,25/03/2007,656.8,669.2,655,663.45,40969,0,0
467,01/04/2007,665.45,675.65,655.9,673.35,38931,0,0
468,08/04/2007,673.1,685.55,670.3,684.85,42757,0,0
469,15/04/2007,684.9,693.5,678.7,691.65,46265,0,0
470,22/04/2007,691.85,693.55,670.4,681.2,53132,0,0
471,29/04/2007,680.7,690.5,667.2,688.55,40692,0,0
472,06/05/2007,688.5,690.7,664,670.8,44377,0,0
473,13/05/2007,670.85,674.95,653.3,661.45,45934,0,0
474,20/05/2007,663.8,665.3,651.5,655.75,45370,0,0
475,27/05/2007,656,671.6,651.6,671.4,36619,0,0
476,03/06/2007,671.15,673.85,643.6,648.45,39910,0,0
477,10/06/2007,649.1,655.7,642.7,655.05,39799,0,0
478,17/06/2007,655.5,662.05,647.5,653.9,36270,0,0
479,24/06/2007,654.05,654.45,638.3,649.35,37259,0,0
480,01/07/2007,650.85,658.6,645,655.65,30081,0,0
481,08/07/2007,656,669.3,653.3,666.6,39994,0,0
482,15/07/2007,666.35,686.75,662.25,683.1,42216,0,0
483,22/07/2007,683.75,687.75,654.5,660.9,53457,0,0
484,29/07/2007,661.1,675.35,658.8,673.45,50726,0,0
485,05/08/2007,673.25,676.7,657.7,672.6,56185,0,0
486,12/08/2007,672.5,672.7,641.6,657.5,58892,0,0
487,19/08/2007,657.05,668.75,652.7,667.95,54169,0,0
488,26/08/2007,668.05,674.5,660.7,672.3,39026,0,0
489,02/09/2007,672.5,706.5,671.1,699.9,21029,0,0
490,09/09/2007,699,717,698.8,707.2,26731,0,0
491,16/09/2007,707.3,739.1,705.9,730.4,31989,0,0
492,23/09/2007,731,745.5,721.7,742.6,30660,0,0
493,30/09/2007,743.7,747.5,720.3,741.6,33106,0,0
494,07/10/2007,740.9,753.4,726.2,749.2,29768,0,0
495,14/10/2007,749,770.8,747.2,765.7,40384,0,0
496,21/10/2007,766.2,785.6,745,784.7,38663,0,0
497,28/10/2007,784.2,807.8,776.5,807.1,43658,0,0
498,04/11/2007,806.9,845.4,800.5,830.7,60993,0,0
499,11/11/2007,829.9,832.2,782.2,785.9,62445,0,0
500,18/11/2007,786,825.4,772.4,823,41612,0,0
501,25/11/2007,823.6,836.5,778.7,781.8,54516,0,0
502,02/12/2007,782.9,806.5,776.6,795.6,46132,0,0
503,09/12/2007,795.7,816.8,787.4,794.1,45056,0,0
504,16/12/2007,793.7,812.1,784.9,809.6,35085,0,0
505,23/12/2007,810.6,839.7,807.8,838.9,18578,0,0
506,30/12/2007,841,868.9,829.2,860.6,32575,0,0
507,06/01/2008,860.4,898,854.9,895.7,62437,0,0
508,13/01/2008,895,914.1,870,884.35,101988,0,0
509,20/01/2008,882.4,923.45,849.2,913.3,124983,0,0
510,27/01/2008,911.3,936.75,903.6,903.95,109565,0,0
511,03/02/2008,905.4,920.55,884,920.2,111833,0,0
512,10/02/2008,921.75,927.1,896.05,902.05,111795,0,0
513,17/02/2008,902.45,953.85,900.05,945.15,101097,0,0
514,24/02/2008,945.45,975.95,926,973.05,116629,0,0
515,02/03/2008,973.1,992.9,956.35,972.65,121110,0,0
516,09/03/2008,972.9,1007.05,960.9,999.3,117899,0,0
517,16/03/2008,1001.8,1032.35,904.33,910.75,142268,0,0
518,23/03/2008,914.85,954.65,906.1,930.1,123280,0,0
519,30/03/2008,930.8,940.65,872.2,913.35,126014,0,0
520,06/04/2008,912.3,939.6,902.9,924.95,81164,0,0
521,13/04/2008,918.9,952.6,904.55,917.9,95820,0,0
522,20/04/2008,916.85,928.55,877.6,884.15,100765,0,0
523,27/04/2008,888.95,895.7,844.95,856.75,96481,0,0
524,04/05/2008,858.25,889.5,858.15,885.25,81798,0,0
525,11/05/2008,883.3,904.9,859.8,902.9,101658,0,0
526,18/05/2008,903.5,935.15,900.55,924.75,96090,0,0
527,25/05/2008,926.55,930.65,869.85,886.55,101070,0,0
528,01/06/2008,887.6,901.45,864.65,901.05,125228,0,0
529,08/06/2008,902.55,909.1,857.05,869.15,133937,0,0
530,15/06/2008,869.1,908.35,866.35,901.35,127655,0,0
531,22/06/2008,901.55,930.6,873.3,926.7,119152,0,0
532,29/06/2008,928.95,946.4,918.35,932.9,116238,0,0
533,06/07/2008,931.95,967.35,912.25,963.95,135498,0,0
534,13/07/2008,965.4,988.15,949.55,954.65,146395,0,0
535,20/07/2008,956.6,975.95,915.9,929.6,137262,0,0
536,27/07/2008,928.5,933.05,893.5,908.7,118820,0,0
537,03/08/2008,909.8,915.35,850.5,857.05,131319,0,0
538,10/08/2008,855.5,865.75,772.6,786.95,167736,0,0
539,17/08/2008,790.8,839.05,782.1,822.35,160406,0,0
540,24/08/2008,822.85,843.85,806.7,830.05,136735,0,0
541,31/08/2008,833.55,836.1,788.95,801.4,126072,0,0
542,07/09/2008,808.15,817.9,735.95,766.25,173317,0,0
543,14/09/2008,749.85,919.4,749.85,872.2,223840,0,0
544,21/09/2008,867.4,911.7,862.88,878.8,179807,0,0
545,28/09/2008,875.25,925.1,817.95,836.9,205964,0,0
546,05/10/2008,831.95,930.95,824.3,841.85,202449,0,0
547,12/10/2008,765.25,871.55,765.25,783.95,192517,0,0
548,19/10/2008,759.7,809.8,681.05,732.85,201376,0,0
549,26/10/2008,679.55,777.1,679.55,723.85,202755,0,0
550,02/11/2008,724.2,769,721.7,736.35,176910,0,0
551,09/11/2008,736.5,768.1,699,744.75,172016,0,0
552,16/11/2008,738.65,802.15,730.6,800.2,168135,0,0
553,23/11/2008,801.7,830.7,786.2,817.25,131822,0,0
554,30/11/2008,818.25,818.65,741,757.15,172067,0,0
555,07/12/2008,755.1,834.45,755.1,820.45,184815,0,0
556,14/12/2008,823.7,881.65,820.9,838.45,178922,0,0
557,21/12/2008,836.55,872.55,829.15,869.05,84785,0,0
558,28/12/2008,879.2,890.05,856.1,875.9,111302,0,0
559,04/01/2009,883.2,884.2,835.3,852.15,184992,0,0
560,11/01/2009,855.85,856.4,801.3,840.35,161559,0,0
561,18/01/2009,842.4,902.9,823.3,899.15,170206,0,0
562,25/01/2009,897.15,929.2,873.95,927.4,177879,0,0
563,01/02/2009,922.8,925.45,888.8,910.4,164863,0,0
564,08/02/2009,910.15,952.1,889.1,941.3,161992,0,0
565,15/02/2009,940.95,1006,935.75,993.5,167754,0,0
566,22/02/2009,991.9,998,926.5,940.9,214931,0,0
567,01/03/2009,948.05,958.15,899.85,938.6,191220,0,0
568,08/03/2009,939.95,941.79,890.7,927.7,146473,0,0
569,15/03/2009,925.15,966.8,883.45,952.1,159384,0,0
570,22/03/2009,950.15,956.85,915.95,923.25,162716,0,0
571,29/03/2009,922.45,933.15,890.45,892.3,148959,0,0
572,05/04/2009,893.3,893.6,864.9,880.8,102530,0,0
573,12/04/2009,882.6,899.5,864.7,866.7,113753,0,0
574,19/04/2009,868.75,913.65,864.5,912.05,123650,0,0
575,26/04/2009,912.2,918.2,880.1,885.05,116940,0,0
576,03/05/2009,885.65,925.3,878.85,915.1,119539,0,0
577,10/05/2009,916.15,933.8,908.3,931.05,111094,0,0
578,17/05/2009,930.75,961.25,914.95,957.4,113605,0,0
579,24/05/2009,953.85,980.05,939.8,978.6,99339,0,0
580,31/05/2009,977.95,990.05,952.55,953.8,129055,0,0
581,07/06/2009,955.4,965.3,935.75,938.75,114187,0,0
582,14/06/2009,938.45,941.55,925.88,935.5,107810,0,0
583,21/06/2009,933.6,948.3,912.8,939.85,108449,0,0
584,28/06/2009,937.3,946.3,917.45,932.15,83328,0,0
585,05/07/2009,932.1,932.1,904.9,912.45,92126,0,0
586,12/07/2009,912.35,942,907.7,935.7,81403,0,0
587,19/07/2009,934.35,957.2,934.35,951.45,85757,0,0
588,26/07/2009,950.6,958.7,925.45,951,88223,0,0
589,02/08/2009,953.75,971.55,950.78,954.95,113130,0,0
590,09/08/2009,954.25,960.6,939.85,947.5,89555,0,0
591,16/08/2009,946.6,957.85,930.15,953.47,93843,0,0
592,23/08/2009,952.45,961.7,934.45,955.8,89745,0,0
593,30/08/2009,955.6,997.29,944,993.65,102904,0,0
594,06/09/2009,992.45,1011.6,982.7,1006,72847,0,0
595,13/09/2009,1005,1023.9,992.05,1006.15,107836,0,0
596,20/09/2009,1006.75,1019.55,985.05,988.95,104343,0,0
597,27/09/2009,990.85,1009.55,984.9,1001.6,101825,0,0
598,04/10/2009,1001.6,1061.28,999.8,1047.65,105731,0,0
599,11/10/2009,1048.4,1070.45,1042.8,1052.15,96014,0,0
600,18/10/2009,1052.05,1067.9,1047.55,1054.9,99327,0,0
601,25/10/2009,1054.4,1059.7,1026.37,1045.2,106857,0,0
602,01/11/2009,1041.8,1100.9,1040.75,1095.2,106909,0,0
603,08/11/2009,1098.25,1122.9,1095.35,1118.7,101462,0,0
604,15/11/2009,1118,1152.85,1118,1150.65,119918,0,0
605,22/11/2009,1150.4,1194.95,1137.15,1176.35,119371,0,0
606,29/11/2009,1176.7,1226.15,1147.25,1160.15,165089,0,0
607,06/12/2009,1160.85,1168.7,1109.25,1115.1,189743,0,0
608,13/12/2009,1114.55,1141.55,1094.65,1111.5,158196,0,0
609,20/12/2009,1111.15,1119.1,1074.4,1104.5,116006,0,0
610,27/12/2009,1104.9,1113.65,1085.59,1096.55,99596,0,0
611,03/01/2010,1096.7,1140.3,1093.05,1136,136582,0,0
612,10/01/2010,1137.45,1161.85,1118.2,1131.15,149579,0,0
613,17/01/2010,1127.15,1141.35,1082,1093.3,145082,0,0
614,24/01/2010,1092.15,1103.95,1073.8,1081.3,158997,0,0
615,31/01/2010,1082.4,1124.9,1044.05,1067.05,164864,0,0
616,07/02/2010,1065.8,1097.8,1061.45,1092.05,163386,0,0
617,14/02/2010,1092.75,1127.3,1091.5,1117.6,151084,0,0
618,21/02/2010,1125.1,1130.85,1088.1,1116.6,173588,0,0
619,28/02/2010,1117.25,1144.85,1111.75,1131.45,158461,0,0
620,07/03/2010,1136.4,1137.5,1098.2,1102.25,143405,0,0
621,14/03/2010,1100.6,1133.2,1100.6,1105.65,128996,0,0
622,21/03/2010,1106.75,1109.55,1084.95,1108.6,130093,0,0
623,28/03/2010,1110.1,1127.9,1101.45,1125,86918,0,0
624,04/04/2010,1119.85,1164.65,1119.85,1160.35,112324,0,0
625,11/04/2010,1160.15,1169.4,1129.85,1136.25,129352,0,0
626,18/04/2010,1135.4,1156.98,1123.75,1155.9,128247,0,0
627,25/04/2010,1157.8,1181.63,1145.98,1178.25,131442,0,0
628,02/05/2010,1176.85,1213.77,1156.35,1207.78,165527,0,0
629,09/05/2010,1195.85,1249.28,1183.88,1230.03,178533,0,0
630,16/05/2010,1230.65,1242.28,1166.05,1177.06,198782,0,0
631,23/05/2010,1181.5,1218.28,1179.3,1214.45,124794,0,0
632,30/05/2010,1213.95,1228.75,1196.75,1217.45,115480,0,0
633,06/06/2010,1218.65,1251.84,1210.45,1226.6,148507,0,0
634,13/06/2010,1230.4,1262.18,1216.2,1255.63,131850,0,0
635,20/06/2010,1259.05,1265.05,1224.6,1254.48,142762,0,0
636,27/06/2010,1253.95,1262.54,1196.38,1211.15,150857,0,0
637,04/07/2010,1211.6,1214.35,1184.79,1209.6,115151,0,0
638,11/07/2010,1211.45,1217.88,1185.98,1192.65,127152,0,0
639,18/07/2010,1193.6,1203.85,1175.55,1187.18,122088,0,0
640,25/07/2010,1187.6,1194.53,1156.85,1180.7,113705,0,0
641,01/08/2010,1180.25,1210.82,1174.38,1205.16,107445,0,0
642,08/08/2010,1204.1,1217.45,1190.57,1214.72,109387,0,0
643,15/08/2010,1214.7,1237.3,1213.85,1227.3,96813,0,0
644,22/08/2010,1226.7,1244.05,1210.12,1237.92,106954,0,0
645,29/08/2010,1236.7,1254.58,1231.7,1246.5,86147,0,0
646,05/09/2010,1247.35,1262.25,1236.43,1245.53,58263,0,0
647,12/09/2010,1247.05,1282.75,1240.85,1274.6,102779,0,0
648,19/09/2010,1274.63,1299.72,1270.63,1296.11,126007,0,0
649,26/09/2010,1296.58,1320.49,1282.91,1319.15,124330,0,0
650,03/10/2010,1318.48,1364.78,1312.23,1346.83,121821,0,0
651,10/10/2010,1348.57,1387.1,1340.18,1368.37,156930,0,0
652,17/10/2010,1370.6,1374.84,1315.07,1327.65,180576,0,0
653,24/10/2010,1331.5,1359.28,1318.98,1357.52,161255,0,0
654,31/10/2010,1360.1,1398.13,1325.43,1395.15,167258,0,0
655,07/11/2010,1396.27,1424.43,1359.9,1368.38,235421,0,0
656,14/11/2010,1370.35,1376.75,1329.65,1353.15,212683,0,0
657,21/11/2010,1354.9,1382.38,1348.37,1363.53,158465,0,0
658,28/11/2010,1363.15,1413.8,1353.15,1413.38,182336,0,0
659,05/12/2010,1414.75,1430.9,1371.23,1386.6,182990,0,0
660,12/12/2010,1383.1,1408,1361.03,1374.53,174972,0,0
661,19/12/2010,1377.5,1391.98,1372.05,1384.66,104382,0,0
662,26/12/2010,1376.55,1419.15,1371.96,1418.52,99659,0,0
663,02/01/2011,1419.5,1423.83,1352.59,1368.75,160295,0,0
664,09/01/2011,1370.35,1393.01,1354.95,1359.65,148089,0,0
665,16/01/2011,1360.55,1379.17,1337.68,1342.88,139583,0,0
666,23/01/2011,1344.6,1353,1307.95,1335.2,155098,0,0
667,30/01/2011,1339.2,1358.64,1323.05,1349.05,150977,0,0
668,06/02/2011,1347.1,1368.38,1342.78,1356.28,126400,0,0
669,13/02/2011,1357.15,1391.79,1353.6,1387.55,117391,0,0
670,20/02/2011,1389.85,1418.09,1388.85,1408,154707,0,0
671,27/02/2011,1410.05,1440.3,1404.69,1428.05,147838,0,0
672,06/03/2011,1434.55,1444.79,1402.98,1416.52,165218,0,0
673,13/03/2011,1420.75,1432.37,1380.9,1418.45,158076,0,0
674,20/03/2011,1425.3,1447.53,1419.3,1427.75,118753,0,0
675,27/03/2011,1427.76,1439.35,1410.1,1427.3,121157,0,0
676,03/04/2011,1428.66,1474.9,1427.6,1473.3,115724,0,0
677,10/04/2011,1474.35,1487.93,1444.02,1487.25,159218,0,0
678,17/04/2011,1486.6,1511.9,1477.3,1504.6,120248,0,0
679,24/04/2011,1510.3,1569.03,1492.72,1562.25,148178,0,0
680,01/05/2011,1554.91,1574.95,1462.24,1488.55,201247,0,0
681,08/05/2011,1496.19,1526.55,1478,1492.84,178931,0,0
682,15/05/2011,1493.04,1515.72,1471.68,1512.67,143028,0,0
683,22/05/2011,1512.89,1538.21,1503.75,1536.2,125646,0,0
684,29/05/2011,1536.54,1550.05,1519.3,1540.95,108388,0,0
685,05/06/2011,1542.89,1553.37,1525.65,1530.56,128201,0,0
686,12/06/2011,1529.89,1541.8,1510.75,1538.7,120933,0,0
687,19/06/2011,1539.98,1557.91,1498.23,1499.74,112092,0,0
688,26/06/2011,1499.88,1513.76,1477.99,1487.49,130737,0,0
689,03/07/2011,1486.13,1545.2,1485.68,1542.06,92882,0,0
690,10/07/2011,1543.01,1594.15,1540.43,1593.15,158285,0,0
691,17/07/2011,1593.17,1609.9,1581,1602.45,156612,0,0
692,24/07/2011,1599.12,1632.7,1599.02,1624.55,146794,0,0
693,31/07/2011,1619.32,1682,1605.72,1660.75,214236,0,0
694,07/08/2011,1677.51,1814.65,1677.51,1745.2,326500,0,0
695,14/08/2011,1743.62,1877.59,1727.85,1848.05,212636,0,0
696,21/08/2011,1859.41,1911.8,1702.85,1822.77,291131,0,0
697,28/08/2011,1836.83,1884.5,1775.94,1882.2,278627,0,0
698,04/09/2011,1876.4,1920.7,1792.59,1855.8,309464,0,0
699,11/09/2011,1858.47,1861.5,1762.35,1807.15,273038,0,0
700,18/09/2011,1817.25,1827.8,1628.2,1640.5,299123,0,0
701,25/09/2011,1656.36,1677.2,1532.4,1622.65,335129,0,0
702,02/10/2011,1617.21,1678.7,1595.65,1637,251145,0,0
703,09/10/2011,1638.86,1692.1,1637.67,1679.75,198626,0,0
704,16/10/2011,1678.19,1694.75,1603.7,1639.9,249768,0,0
705,23/10/2011,1641.9,1752.4,1635.35,1743.55,244209,0,0
706,30/10/2011,1740.82,1767.9,1681.23,1755.35,262613,0,0
707,06/11/2011,1752.65,1802.84,1735.99,1788.22,199756,0,0
708,13/11/2011,1787.92,1796.31,1710.45,1723.8,236609,0,0
709,20/11/2011,1723.49,1726.34,1666.4,1683.28,161483,0,0
710,27/11/2011,1683.75,1762.85,1681.68,1745.55,187298,0,0
711,04/12/2011,1746.67,1755.95,1701.87,1711,230633,0,0
712,11/12/2011,1712.49,1714.7,1560.1,1597.2,284079,0,0
713,18/12/2011,1600.76,1641.54,1583.21,1607.21,190168,0,0
714,25/12/2011,1607.12,1607.12,1522.45,1562.8,156562,0,0
715,01/01/2012,1569.5,1630.93,1566.65,1616.3,195527,0,0
716,08/01/2012,1616.17,1661.8,1604.86,1639.25,247447,0,0
717,15/01/2012,1634.65,1669.92,1631.28,1666.3,226389,0,0
718,22/01/2012,1664.41,1739.65,1648.84,1738.62,232853,0,0
719,29/01/2012,1736.26,1763.12,1716.15,1725.87,288421,0,0
720,05/02/2012,1727.9,1752.3,1704.64,1721.55,279866,0,0
721,12/02/2012,1725,1737.34,1705.1,1723.2,238925,0,0
722,19/02/2012,1726.5,1787.34,1725.9,1772,414196,0,0
723,26/02/2012,1775,1790.55,1687.9,1712.18,275981,0,0
724,04/03/2012,1710.8,1716.55,1663.3,1713.67,280165,0,0
725,11/03/2012,1714.5,1716.55,1634.4,1659.65,282977,0,0
726,18/03/2012,1658.5,1669.7,1627.9,1661.63,255522,0,0
727,25/03/2012,1662.5,1696.95,1644.95,1667.97,233609,0,0
728,01/04/2012,1669.3,1683.5,1612.1,1631.05,184073,0,0
729,08/04/2012,1642.5,1680.05,1631.7,1658.1,225887,0,0
730,15/04/2012,1656.8,1657.8,1630.87,1642.71,232833,0,0
731,22/04/2012,1641.2,1667.48,1623.13,1662.45,193792,0,0
732,29/04/2012,1662.1,1671.53,1626.46,1642.1,166956,0,0
733,06/05/2012,1642.4,1642.5,1573.63,1579.2,171535,0,0
734,13/05/2012,1583.4,1597.48,1526.91,1592.81,176490,0,0
735,20/05/2012,1590.6,1599.11,1533.16,1572.56,177055,0,0
736,27/05/2012,1573.9,1629.81,1532.66,1623.85,178937,0,0
737,03/06/2012,1625.1,1640.91,1554.22,1592.87,206561,0,0
738,10/06/2012,1602.9,1632.63,1581.51,1627.03,173353,0,0
739,17/06/2012,1628.8,1633.26,1557.91,1572.36,223451,0,0
740,24/06/2012,1571.6,1606.81,1547.85,1597.28,169518,0,0
741,01/07/2012,1599,1624.72,1576.17,1583.45,178184,0,0
742,08/07/2012,1581.7,1601.07,1554.8,1589,163204,0,0
743,15/07/2012,1589.8,1598.61,1567.45,1584.1,167681,0,0
744,22/07/2012,1581.5,1629.5,1563.06,1623.1,166192,0,0
745,29/07/2012,1623.4,1627.94,1584.73,1603.31,155611,0,0
746,05/08/2012,1604,1626.43,1602,1619.99,126628,0,0
747,12/08/2012,1621,1625.54,1589.84,1615.51,138822,0,0
748,19/08/2012,1616,1674.85,1609.6,1670.4,140455,0,0
749,26/08/2012,1670.7,1692.9,1650.21,1691.65,120174,0,0
750,02/09/2012,1690.7,1741.9,1685.35,1735.6,143239,0,0
751,09/09/2012,1738.2,1777.7,1719.65,1770.15,162010,0,0
752,16/09/2012,1770.75,1787.6,1752,1772.9,76849,0,0
753,23/09/2012,1772.4,1783,1736.2,1771.8,55459,0,0
754,30/09/2012,1771.9,1795.7,1763.1,1780.4,56506,0,0
755,07/10/2012,1779.6,1780.1,1751.9,1753.5,53521,0,0
756,14/10/2012,1753.4,1753.7,1715.8,1721,48355,0,0
757,21/10/2012,1721.1,1729.7,1698.4,1711,51568,0,0
758,28/10/2012,1711.3,1726.5,1674.2,1677.3,41866,0,0
759,04/11/2012,1676.1,1738.4,1671.9,1730.5,57002,0,0
760,11/11/2012,1731.3,1737.8,1704.5,1713.7,51980,0,0
761,18/11/2012,1714.5,1754.4,1714.1,1752,39419,0,0
762,25/11/2012,1751.6,1752.2,1705.8,1714.8,49494,0,0
763,02/12/2012,1713.82,1722.7,1683.8,1703.8,60745,0,0
764,09/12/2012,1702.2,1723.3,1689.2,1695.6,48760,0,0
765,16/12/2012,1697.4,1703,1635.3,1656.7,51661,0,0
766,23/12/2012,1656.8,1667.7,1651.7,1655.6,25964,0,0
767,30/12/2012,1655.4,1694.9,1625.8,1655.6,43800,0,0
768,06/01/2013,1656.7,1678.5,1642.6,1662.2,51837,0,0
769,13/01/2013,1661.3,1695.8,1659.6,1683.8,51303,0,0
770,20/01/2013,1686.4,1696.1,1655.6,1658.3,42386,0,0
771,27/01/2013,1658.4,1683.6,1651.5,1667,45246,0,0
772,03/02/2013,1668.1,1685.1,1661.3,1667,45620,0,0
773,10/02/2013,1667.4,1669.6,1597.7,1609.7,49069,0,0
774,17/02/2013,1609.8,1618.5,1554.5,1580.8,47686,0,0
775,24/02/2013,1579.7,1619.9,1564.4,1575.8,53048,0,0
776,03/03/2013,1578.2,1586.3,1561.3,1578.7,42918,0,0
777,10/03/2013,1579.3,1598.9,1575.4,1592,34592,0,0
778,17/03/2013,1598,1616.5,1591.3,1608.4,36753,0,0
779,24/03/2013,1609.5,1613.3,1589.3,1596.4,27821,0,0
780,31/03/2013,1597.5,1603.5,1539.3,1580.8,41395,0,0
781,07/04/2013,1581,1590.2,1480.2,1482.7,43701,0,0
782,14/04/2013,1481,1495,1321.8,1403.4,294792,0,0
783,21/04/2013,1407.4,1485.33,1403.5,1462.13,414132,0,0
784,28/04/2013,1466.41,1488.01,1440.43,1470.5,486027,0,0
785,05/05/2013,1470.4,1478.89,1419.68,1448.47,499597,0,0
786,12/05/2013,1448.95,1448.95,1355.25,1359.26,569031,0,0
787,19/05/2013,1363.77,1414.3,1338.06,1386.49,636453,0,0
788,26/05/2013,1385.17,1421.93,1373.69,1387.67,443211,0,0
789,02/06/2013,1387.62,1423.73,1377.81,1382.94,503641,0,0
790,09/06/2013,1382.92,1394.9,1365.61,1390.41,453087,0,0
791,16/06/2013,1390.06,1391.93,1269.5,1296.22,497328,0,0
792,23/06/2013,1297.17,1301.44,1180.3,1234.3,634363,0,0
793,30/06/2013,1233.87,1267.53,1208.15,1223.08,421246,0,0
794,07/07/2013,1222.14,1298.76,1215.67,1285.31,428469,0,0
795,14/07/2013,1284.94,1300.65,1270.23,1295.57,349280,0,0
796,21/07/2013,1297.02,1347.67,1296.01,1332.98,396160,0,0
797,28/07/2013,1333.15,1339.18,1283.03,1311.87,385373,0,0
798,04/08/2013,1312.34,1320.75,1272.79,1314.17,289258,0,0
799,11/08/2013,1315.53,1379.57,1314.72,1376.41,375723,0,0
800,18/08/2013,1378.6,1400.05,1352.25,1397.49,512833,0,0
801,25/08/2013,1398.64,1433.71,1389.37,1395.02,496804,0,0
802,01/09/2013,1393.38,1416.34,1357.31,1391.71,322802,0,0
803,08/09/2013,1391.03,1394.24,1304.93,1325.75,272644,0,0
804,15/09/2013,1333.9,1375.19,1291.08,1325.39,374510,0,0
805,22/09/2013,1326.44,1344.06,1305.62,1336.49,361201,0,0
806,29/09/2013,1342.06,1352.51,1277.92,1310.64,358010,0,0
807,06/10/2013,1311.64,1330.05,1260.62,1271.96,378127,0,0
808,13/10/2013,1276.44,1325.87,1251.59,1315.87,513442,0,0
809,20/10/2013,1315.71,1355.81,1310.13,1350.51,299239,0,0
810,27/10/2013,1353.12,1361.79,1306.04,1315.94,326460,0,0
811,03/11/2013,1313.83,1326.36,1281.13,1288.34,279756,0,0
812,10/11/2013,1287.8,1294.27,1261.35,1289.98,263832,0,0
813,17/11/2013,1289.28,1289.57,1236.76,1243.52,257324,0,0
814,24/11/2013,1242.12,1257.97,1226.53,1251.58,197480,0,0
815,01/12/2013,1251.32,1251.64,1211.17,1228.82,287945,0,0
816,08/12/2013,1230.41,1267.84,1220.43,1238.44,258324,0,0
817,15/12/2013,1237.97,1251.97,1186.96,1202.88,303666,0,0
818,22/12/2013,1202.84,1219.14,1192.62,1212.83,118317,0,0
819,29/12/2013,1213.72,1240.25,1182.28,1236.6,198230,0,0
820,05/01/2014,1236.94,1248.94,1213.12,1248.04,252997,0,0
821,12/01/2014,1247.24,1255.29,1234.23,1253.83,200803,0,0
822,19/01/2014,1252,1272.59,1231.56,1269.92,207794,0,0
823,26/01/2014,1266.69,1278.96,1238.03,1244.32,258771,0,0
824,02/02/2014,1242.76,1274.38,1240.71,1267.08,236113,0,0
825,09/02/2014,1265.53,1321.29,1265.05,1318.42,246409,0,0
826,16/02/2014,1318.87,1339.95,1307.31,1324.13,270644,0,0
827,23/02/2014,1325.47,1345.37,1318.81,1326.32,319832,0,0
828,02/03/2014,1332.24,1354.77,1328,1339.69,308487,0,0
829,09/03/2014,1339.68,1388,1327.96,1382.88,361506,0,0
830,16/03/2014,1382.21,1392.05,1320.5,1334.18,397379,0,0
831,23/03/2014,1333.77,1334.89,1285.64,1295.17,357931,0,0
832,30/03/2014,1293.77,1306.89,1277.64,1302.94,301088,0,0
833,06/04/2014,1303.95,1324.49,1294.92,1318.24,279353,0,0
834,13/04/2014,1318.24,1331.13,1284.69,1295,240895,0,0
835,20/04/2014,1292.07,1305.01,1268.52,1303.17,298960,0,0
836,27/04/2014,1303,1306.49,1273.62,1299.27,289629,0,0
837,04/05/2014,1300.14,1315.56,1284.89,1288.58,256335,0,0
838,11/05/2014,1289.53,1309.02,1277.65,1293.31,255740,0,0
839,18/05/2014,1292.52,1305.43,1283.2,1292.54,260432,0,0
840,25/05/2014,1291.87,1294.17,1242.26,1249.5,241292,0,0
841,01/06/2014,1249.1,1257.85,1240.66,1253.02,210912,0,0
842,08/06/2014,1252.72,1277.89,1250.17,1277.07,201311,0,0
843,15/06/2014,1275.37,1321.96,1260.01,1314.62,265008,0,0
844,22/06/2014,1313.1,1325.91,1306.19,1316.32,237975,0,0
845,29/06/2014,1315.29,1333.48,1310.11,1320.35,215239,0,0
846,06/07/2014,1319.73,1345.39,1311.45,1338.27,203120,0,0
847,13/07/2014,1337.76,1339.48,1291.12,1310.55,263046,0,0
848,20/07/2014,1310.16,1318.4,1287.62,1307.34,205616,0,0
849,27/07/2014,1307.66,1312.16,1279.99,1293.74,221678,0,0
850,03/08/2014,1293.76,1322.69,1282.49,1309.74,234778,0,0
851,10/08/2014,1308.77,1319.41,1292.27,1304.77,217922,0,0
852,17/08/2014,1302.31,1303.66,1271.58,1280.74,199057,0,0
853,24/08/2014,1279.78,1296.5,1273.37,1287.08,172350,0,0
854,31/08/2014,1287.25,1289.89,1257.24,1268.83,220076,0,0
855,07/09/2014,1267.54,1271.79,1227.55,1229.34,265878,0,0
856,14/09/2014,1227.27,1242.28,1213.79,1215.82,282609,0,0
857,21/09/2014,1214.69,1235.64,1206.88,1218.1,308243,0,0
858,28/09/2014,1218.67,1223.32,1190.02,1191.55,343678,0,0
859,05/10/2014,1191.28,1233.34,1182.95,1223.02,372140,0,0
860,12/10/2014,1223.31,1249.81,1221.83,1238.29,398721,0,0
861,19/10/2014,1238.68,1255.22,1226.29,1230.86,243145,0,0
862,26/10/2014,1230.45,1235.69,1159.27,1173.13,304518,0,0
863,02/11/2014,1169.9,1178.73,1131.72,1177.47,348757,0,0
864,09/11/2014,1176.71,1193.57,1146.14,1188.51,358945,0,0
865,16/11/2014,1186.22,1207.78,1175.11,1201.33,407335,0,0
866,23/11/2014,1201.07,1204.25,1165.22,1166.9,269072,0,0
867,30/11/2014,1159.08,1221.25,1142.77,1192.28,427596,0,0
868,07/12/2014,1190.84,1238.23,1187.11,1222.45,401720,0,0
869,14/12/2014,1224.17,1224.17,1183.63,1195.85,417919,0,0
870,21/12/2014,1195.34,1203.35,1170.72,1195.68,149955,0,0
871,28/12/2014,1194.1,1210.66,1167.42,1188.39,201445,0,0
872,04/01/2015,1187.54,1224,1178.04,1222.61,308501,0,0
873,11/01/2015,1223.71,1282.14,1217.6,1279.87,469501,0,0
874,18/01/2015,1280.11,1307.64,1272.02,1294.06,441450,0,0
875,25/01/2015,1294.06,1299.12,1251.96,1283.33,419101,0,0
876,01/02/2015,1282.1,1285.76,1228.29,1233.65,408019,0,0
877,08/02/2015,1235.94,1245.85,1216.37,1229.31,292223,0,0
878,15/02/2015,1228.56,1236.77,1197.6,1201.97,277455,0,0
879,22/02/2015,1202.17,1220.01,1190.66,1213.11,294741,0,0
880,01/03/2015,1213.56,1223.26,1163.8,1167.66,343232,0,0
881,08/03/2015,1169.45,1175.35,1147.58,1157.49,301264,0,0
882,15/03/2015,1158.32,1188,1142.8,1182.35,347790,0,0
883,22/03/2015,1183.51,1219.74,1179.36,1198.68,310905,0,0
884,29/03/2015,1198.42,1208.64,1178.46,1202.74,220678,0,0
885,05/04/2015,1215.01,1224.26,1192.63,1207.36,252157,0,0
886,12/04/2015,1206.94,1209.54,1184,1204.03,282546,0,0
887,19/04/2015,1204.73,1209.23,1175.23,1179.43,255450,0,0
888,26/04/2015,1179.5,1215.09,1169.76,1178.25,300946,0,0
889,03/05/2015,1177.3,1199.95,1177.3,1188.39,277436,0,0
890,10/05/2015,1189.25,1227.21,1178.96,1223.99,312174,0,0
891,17/05/2015,1223.44,1232.4,1201.42,1206.14,270253,0,0
892,24/05/2015,1205.13,1208.71,1180.39,1190.14,258732,0,0
893,31/05/2015,1190.84,1204.34,1162.78,1171.62,328028,0,0
894,07/06/2015,1170.82,1192.36,1169.26,1181.51,282492,0,0
895,14/06/2015,1180.99,1205.78,1172.91,1200.22,247169,0,0
896,21/06/2015,1200.04,1201.1,1168.38,1175.11,210458,0,0
897,28/06/2015,1184.42,1188.16,1157.09,1168.07,262015,0,0
898,05/07/2015,1173.76,1174.84,1147.25,1163.31,407737,0,0
899,12/07/2015,1162.61,1164.88,1131.15,1134.39,311093,0,0
900,19/07/2015,1133.15,1133.48,1077.34,1099.07,444829,0,0
901,26/07/2015,1099.8,1105.08,1080.1,1095.68,383139,0,0
902,02/08/2015,1095.79,1099.57,1081.05,1094.09,374789,0,0
903,09/08/2015,1093.92,1126.81,1089.68,1114.83,453920,0,0
904,16/08/2015,1114.46,1168.31,1109.7,1160.48,449759,0,0
905,23/08/2015,1161.07,1170.12,1117.77,1133.58,674999,0,0
906,30/08/2015,1133.16,1147.95,1116.77,1121.89,477369,0,0
907,06/09/2015,1123.56,1126.79,1098.82,1107.68,381784,0,0
908,13/09/2015,1107.75,1141.78,1102.61,1139.21,382638,0,0
909,20/09/2015,1139.36,1156.76,1121.39,1146.05,403075,0,0
910,27/09/2015,1145.15,1148.24,1104.69,1138.31,443226,0,0
911,04/10/2015,1137.64,1159.71,1130.17,1155.94,423774,0,0
912,11/10/2015,1155.32,1191.66,1151.85,1176.87,476316,0,0
913,18/10/2015,1176.31,1180.88,1158.99,1164.43,516931,0,0
914,25/10/2015,1163.88,1182.97,1139.33,1141.91,528956,0,0
915,01/11/2015,1141.79,1143.02,1085.5,1089.42,476679,0,0
916,08/11/2015,1090.06,1095.77,1074.15,1083.66,424696,0,0
917,15/11/2015,1089.96,1098.16,1064.29,1077.98,554062,0,0
918,22/11/2015,1076.99,1081.17,1052.74,1057.24,385770,0,0
919,29/11/2015,1057.55,1088.91,1046.42,1086.22,500100,0,0
920,06/12/2015,1085.92,1086.72,1062.47,1074.63,494210,0,0
921,13/12/2015,1073.38,1078.43,1047.72,1066.08,492247,0,0
922,20/12/2015,1065.9,1081.82,1063.91,1075.87,226158,0,0
923,27/12/2015,1075.82,1076.98,1058.24,1061.09,222699,0,0
924,03/01/2016,1062.52,1113.19,1061.67,1104.41,533047,0,0
925,10/01/2016,1104.32,1108.59,1071.47,1088.67,605609,0,0
926,17/01/2016,1089.64,1109.68,1082.54,1097.53,699687,0,0
927,24/01/2016,1097.68,1128.12,1097.24,1118.13,534245,0,0
928,31/01/2016,1117.46,1174.57,1115.45,1173.41,630732,0,0
929,07/02/2016,1172.7,1263.45,1164.35,1237.34,878714,0,0
930,14/02/2016,1235.19,1240.03,1190.93,1226.28,773526,0,0
931,21/02/2016,1224.92,1253.37,1201.97,1222.74,875459,0,0
932,28/02/2016,1222.35,1279.86,1215.74,1258.86,791173,0,0
933,06/03/2016,1260.38,1284.27,1237.11,1250.5,848145,0,0
934,13/03/2016,1250.72,1270.98,1225.73,1255.18,739748,0,0
935,20/03/2016,1254.15,1260.24,1212.23,1217.25,531865,0,0
936,27/03/2016,1215.61,1244.15,1207.64,1222.22,732016,0,0
937,03/04/2016,1220.01,1243.3,1214.65,1239.62,844347,0,0
938,10/04/2016,1240.08,1262.72,1223.87,1233.54,816275,0,0
939,17/04/2016,1234.67,1270.29,1227.44,1232.09,826311,0,0
940,24/04/2016,1233.11,1296.75,1230.04,1293.06,770954,0,0
941,01/05/2016,1292.11,1303.77,1268.9,1288.46,877385,0,0
942,08/05/2016,1285.02,1287.59,1256.85,1273.19,853737,0,0
943,15/05/2016,1271.33,1288.77,1243.82,1252.08,874720,0,0
944,22/05/2016,1250.98,1256.07,1206.81,1212.92,761913,0,0
945,29/05/2016,1213.27,1244.78,1199.82,1244.08,656383,0,0
946,05/06/2016,1242.53,1278.2,1234.85,1273.73,514060,0,0
947,12/06/2016,1275.55,1315.69,1272.45,1298.55,664615,0,0
948,19/06/2016,1282.12,1358.38,1250.5,1315.39,759597,0,0
949,26/06/2016,1322.02,1344.59,1305.55,1340.98,733136,0,0
950,03/07/2016,1342.47,1375.19,1335.35,1366.27,640816,0,0
951,10/07/2016,1369.64,1375.17,1320.22,1337.5,750546,0,0
952,17/07/2016,1332.33,1338.38,1310.91,1322.05,560762,0,0
953,24/07/2016,1322.76,1355.05,1312.37,1351.07,641283,0,0
954,31/07/2016,1349.56,1367.29,1334.52,1336.1,522818,0,0
955,07/08/2016,1332.72,1357.27,1329.96,1336.33,544832,0,0
956,14/08/2016,1337.65,1358.05,1335.79,1341.54,550030,0,0
957,21/08/2016,1341.15,1344.76,1318.09,1321.26,574830,0,0
958,28/08/2016,1320.24,1330.12,1299.63,1324.46,551043,0,0
959,04/09/2016,1324.2,1352.62,1321.8,1328.19,490242,0,0
960,11/09/2016,1328.22,1332.01,1306.36,1309.73,514162,0,0
961,18/09/2016,1310.86,1343.72,1307.89,1337.72,413029,0,0
962,25/09/2016,1337.07,1342.16,1313.27,1316.06,459412,0,0
963,02/10/2016,1318.45,1319.65,1241.43,1256.2,457319,0,0
964,09/10/2016,1257.09,1264.93,1246.08,1250.6,359197,0,0
965,16/10/2016,1251.67,1274.57,1250.26,1266.59,312104,0,0
966,23/10/2016,1266.01,1284.3,1260.19,1276.11,365725,0,0
967,30/10/2016,1277.75,1308.02,1271.2,1304.29,548389,0,0
968,06/11/2016,1292.03,1337.33,1219.13,1227.44,978130,0,0
969,13/11/2016,1227.42,1233.09,1202.94,1208.04,965158,0,0
970,20/11/2016,1208.02,1221.03,1170.9,1183.93,785946,0,0
971,27/11/2016,1182.8,1197.62,1160.76,1176.91,1008035,0,0
972,04/12/2016,1181.99,1188.07,1156.32,1159.71,862678,0,0
973,11/12/2016,1159.51,1165.88,1122.55,1134.82,774430,0,0
974,18/12/2016,1134.37,1142.38,1125.78,1133.8,523459,0,0
975,25/12/2016,1133.99,1163.22,1131.7,1152.59,293562,0,0
976,01/01/2017,1150.96,1185.03,1146.1,1172,695676,0,0
977,08/01/2017,1172.86,1206.98,1172.04,1197.28,848613,0,0
978,15/01/2017,1200.34,1218.83,1195.88,1209.03,896540,0,0
979,22/01/2017,1209.65,1220.08,1180.63,1191.06,844757,0,0
980,29/01/2017,1192.89,1225.35,1188.33,1220.28,844035,0,0
981,05/02/2017,1220.14,1244.74,1219.2,1233.32,884737,0,0
982,12/02/2017,1232.82,1243.82,1216.69,1234.8,840235,0,0
983,19/02/2017,1235.38,1260.13,1226.16,1256.83,665240,0,0
984,26/02/2017,1257.31,1263.87,1222.86,1234.45,597499,0,0
985,05/03/2017,1232.93,1236.86,1195,1204.53,448522,0,0
986,12/03/2017,1205.49,1233.73,1197.27,1229.26,401122,0,0
987,19/03/2017,1229.7,1253.28,1226.89,1245.16,411464,0,0
988,26/03/2017,1246.86,1261.06,1239.69,1248.98,394815,0,0
989,02/04/2017,1249.17,1271.01,1243.78,1254.09,581861,0,0
990,09/04/2017,1254.29,1288.62,1247.18,1287.25,457402,0,0
991,16/04/2017,1293.67,1295.52,1273.98,1284.28,416662,0,115216729
992,23/04/2017,1269.15,1278.16,1260,1268.24,616563,0,120615759
993,30/04/2017,1267.34,1271.23,1225.76,1227.81,813569,5,2001342
994,07/05/2017,1227.44,1236.56,1214.29,1228.31,778900,5,1638267
995,14/05/2017,1227.92,1265.07,1226.97,1255.36,1032544,5,2311906
996,21/05/2017,1257.36,1269.48,1247.96,1266.98,795017,5,1708695
997,28/05/2017,1266.85,1279.48,1258.94,1278.83,660529,0,2013574
998,04/06/2017,1279.79,1296.1,1264.66,1266.65,914932,5,914916
999,11/06/2017,1267.12,1281.02,1251.51,1253.42,934878,5,934877
1000,18/06/2017,1254.24,1258.9,1240.86,1256.81,568183,5,568179
1001,25/06/2017,1257.2,1258.11,1235.96,1241.31,547333,5,547333
1002,02/07/2017,1241.54,1242.7,1207.32,1213.02,527073,4,527072
1003,09/07/2017,1213.67,1232.85,1204.85,1228.8,794795,4,794794
1004,16/07/2017,1229.06,1255.73,1228.22,1254.84,801728,4,801728
1005,23/07/2017,1254.94,1270.86,1243.79,1269.3,819717,4,819717
1006,30/07/2017,1269.79,1274.12,1254.22,1259.02,855889,4,855889
1007,06/08/2017,1258.82,1292.14,1251.54,1289.29,925444,4,925443
1008,13/08/2017,1290.24,1300.87,1267.33,1284.7,1140646,4,1140646
1009,20/08/2017,1283.6,1294.64,1276.08,1291.18,1025991,4,1025990
1010,27/08/2017,1292.18,1328.84,1291.88,1325.1,1222231,4,1222230
1011,03/09/2017,1334.73,1357.53,1326.17,1346.54,1247960,4,1247958
1012,10/09/2017,1336.96,1340.06,1315.7,1320.21,1200427,4,1200426
1013,17/09/2017,1319.39,1319.96,1288.15,1297.04,1134171,4,1134171
1014,24/09/2017,1297.71,1313.67,1276.05,1279.18,1229868,4,1229867
1015,01/10/2017,1279.62,1282.24,1260.64,1276.41,985293,4,985293
1016,08/10/2017,1276.22,1303.77,1275.32,1303.44,1038765,4,1038765
1017,15/10/2017,1302.56,1306.08,1276.66,1280.36,1137827,4,1137827
1018,22/10/2017,1279.47,1283.67,1263.77,1273.88,1239235,4,1239235
1019,29/10/2017,1273,1284.18,1265.49,1269.81,1051458,4,1051458
1020,05/11/2017,1269.26,1288.56,1266.06,1275.71,1186871,4,1186871
1021,12/11/2017,1274.94,1296.94,1270.04,1294.15,1172816,4,1172816
1022,19/11/2017,1293.35,1294.78,1274.54,1288.34,983375,4,0
1023,26/11/2017,1289.18,1299.24,1270.39,1280.28,1243162,4,0
1024,03/12/2017,1274.54,1277.16,1243.93,1248.45,1189305,4,0
1025,10/12/2017,1247.56,1261.87,1236.52,1255.05,1067524,4,0
1026,17/12/2017,1255.21,1276.28,1252.78,1274.83,929339,4,0
1027,24/12/2017,1274.53,1307.58,1273.36,1302.7,614438,4,0
1028,31/12/2017,1302.96,1326.01,1302.26,1319.3,834812,4,0
1029,07/01/2018,1320.79,1339.39,1308.25,1337.61,1146112,4,0
1030,14/01/2018,1336.27,1344.76,1324.21,1331.67,1221050,4,0
1031,21/01/2018,1334.72,1366.08,1328.41,1349.86,1421804,4,0
1032,28/01/2018,1349.68,1352.41,1327.48,1332.95,1538964,4,0
1033,04/02/2018,1331.56,1346.12,1307.08,1315.98,2226816,4,0
1034,11/02/2018,1314.91,1361.76,1314.18,1347.11,1693198,4,0
1035,18/02/2018,1347.51,1351.4,1320.97,1328.64,1338421,4,0
1036,25/02/2018,1328.2,1341.06,1302.82,1322.41,1641953,4,0
1037,04/03/2018,1323.58,1340.48,1312.83,1323.37,1656302,4,0
1038,11/03/2018,1323.44,1330.04,1309.66,1313.77,1312635,4,0
1039,18/03/2018,1313.34,1350.27,1307.22,1347.06,1538498,4,0
1040,25/03/2018,1347.08,1356.86,1321.21,1325.15,1156852,4,0
1041,01/04/2018,1325.5,1348.26,1319.79,1333.18,1585893,4,0
1042,08/04/2018,1333.77,1365.29,1326.91,1345.33,1582204,0,0
1043,15/04/2018,1346.14,1355.7,1334.99,1335.49,1386209,3,0
1044,22/04/2018,1334.25,1335.51,1315.33,1323.36,1292967,2,0
1045,29/04/2018,1322.3,1325.4,1301.76,1314.98,1307606,2,0
1046,06/05/2018,1314.12,1325.98,1304.32,1318.05,1285850,2,0
1047,13/05/2018,1318.16,1322.35,1285.09,1293.06,1264576,2,0
1048,20/05/2018,1290.58,1307.82,1282.1,1301.49,1354585,2,0
1049,27/05/2018,1299.64,1306.55,1289.38,1293.15,1505443,2,0
1050,03/06/2018,1292.73,1303.18,1289.81,1298.94,1250359,1,0
1051,10/06/2018,1299.79,1309.3,1275.48,1279.54,1182507,2,0
1052,17/06/2018,1277.36,1284.09,1261.38,1269.27,1158290,2,0
1053,24/06/2018,1270.1,1272.6,1245.98,1252.69,1294780,2,0
1054,01/07/2018,1251.64,1261.12,1237.97,1254.69,1081886,2,0
1055,08/07/2018,1255.03,1265.98,1236.52,1241.19,1084757,2,0
1056,15/07/2018,1240.88,1245.58,1211.46,1231.79,1249366,2,0
1057,22/07/2018,1231.35,1235.26,1217.58,1222.58,1242104,2,0
1058,29/07/2018,1222.69,1228.64,1204.5,1213.33,1117499,2,0
1059,05/08/2018,1213.6,1217.89,1205.77,1211.15,1101445,2,0
1060,12/08/2018,1211.05,1213.88,1160.19,1184.61,1487147,2,0
1061,19/08/2018,1183.34,1208.62,1182.81,1205.96,1184054,2,0
1062,26/08/2018,1207.09,1214.32,1196.28,1201.01,1218246,2,0
1063,02/09/2018,1200.69,1207.01,1189.66,1195.78,1175400,2,0
1064,09/09/2018,1195.1,1212.67,1187.75,1193.69,1129603,2,0
1065,16/09/2018,1194.24,1211.06,1191.85,1199.58,744572,2,0
1066,23/09/2018,1198.85,1204.21,1180.67,1191.95,733587,2,0
1067,30/09/2018,1192.32,1208.3,1184.63,1202.91,766431,2,0
1068,07/10/2018,1203.09,1226.34,1183.33,1218.08,836037,2,0
1069,14/10/2018,1217.36,1233.3,1216.89,1226.26,743866,2,0
1070,21/10/2018,1227.32,1243.45,1220.11,1233.61,798091,2,0
1071,28/10/2018,1234.01,1237.39,1212.02,1232.96,837904,2,0
1072,04/11/2018,1233.05,1236.43,1206.78,1209.37,738273,2,0
1073,11/11/2018,1209.74,1225.33,1196.33,1221.51,799218,2,0
1074,18/11/2018,1222.38,1230.08,1218.03,1222.78,568811,2,0
1075,25/11/2018,1223.52,1229.03,1211.2,1222.22,614562,2,0
1076,02/12/2018,1224.79,1250.07,1219.59,1248.59,736848,2,0
1077,09/12/2018,1249.67,1250.94,1232.95,1238.38,681827,2,0
1078,16/12/2018,1238.85,1266.51,1235.83,1255.46,1864043,0,0
1079,23/12/2018,1257.5,1282.17,1257.14,1280.66,1454874,0,0
1080,30/12/2018,1280.65,1298.61,1276.66,1284.91,1554042,0,0
1081,06/01/2019,1284.89,1297.09,1279.43,1287.47,1308888,0,0
1082,13/01/2019,1287.64,1295.9,1280.67,1281.52,686668,0,0
1083,20/01/2019,1281.61,1304.07,1276.81,1302.51,545848,2,0
1084,27/01/2019,1302.95,1326.3,1297.71,1317.69,662726,2,0
1085,03/02/2019,1318.07,1319.09,1302.81,1314.11,571249,2,0
1086,10/02/2019,1313.88,1322.63,1302.37,1321.28,583611,2,0
1087,17/02/2019,1321.02,1346.76,1320.68,1327.85,690481,2,0
1088,24/02/2019,1327.69,1332.64,1290.22,1293.55,707587,2,0
1089,03/03/2019,1293.51,1300.76,1280.9,1298.23,606854,2,0
1090,10/03/2019,1297.95,1311.29,1290.49,1302.05,501641,2,0
1091,17/03/2019,1301.99,1320.39,1298.23,1313.29,533487,2,0
1092,24/03/2019,1313.56,1324.54,1286.8,1292,579686,2,0
1093,31/03/2019,1292.28,1297.05,1280.9,1291.5,462058,2,0
1094,07/04/2019,1291.22,1310.62,1289.68,1290.42,432838,2,0
1095,14/04/2019,1291.16,1292.03,1271.18,1275.46,343351,2,0
1096,21/04/2019,1275.78,1288.72,1266.34,1285.92,429517,2,0
1097,28/04/2019,1286.45,1287.24,1266.31,1279.04,459025,2,0
1098,05/05/2019,1280.75,1291.51,1277.05,1285.75,492082,2,0
1099,12/05/2019,1287.58,1303.33,1274.87,1277.71,422080,2,0
1100,19/05/2019,1277.55,1287.31,1269.55,1284.82,386516,2,0
1101,26/05/2019,1284.77,1306.96,1275.06,1305.55,428584,2,0
1102,02/06/2019,1306.98,1348.26,1305.95,1340.38,616173,2,0
1103,09/06/2019,1336.48,1358.2,1319.92,1341.33,543595,2,0
1104,16/06/2019,1341.82,1411.78,1333.04,1398.96,787738,2,0
1105,23/06/2019,1400.19,1439.12,1398.68,1409.46,870942,2,0
1106,30/06/2019,1398.45,1437.72,1381.8,1398.68,759210,0,0
1107,07/07/2019,1398.13,1427.17,1385.86,1415.25,705734,2,0
1108,14/07/2019,1415.36,1452.98,1400.14,1425.01,754775,2,0
1109,21/07/2019,1427.54,1433.83,1411.05,1418.27,661208,2,0
1110,28/07/2019,1418.55,1449.11,1400.56,1440.76,801041,2,0
1111,04/08/2019,1440.75,1510.41,1436.8,1496.98,968531,2,0
1112,11/08/2019,1497.63,1535.04,1480.1,1512.31,874088,0,0
1113,18/08/2019,1512.22,1530.24,1492.53,1526.8,613348,0,0
1114,25/08/2019,1535.09,1555.03,1516.95,1520.55,778643,2,0
1115,01/09/2019,1532.86,1557.06,1502.59,1505.84,784499,2,0
1116,08/09/2019,1507.41,1524.2,1484.52,1488.35,868816,2,0
1117,15/09/2019,1505.34,1517.07,1483.45,1516.49,840736,2,0
1118,22/09/2019,1513.73,1535.7,1486.84,1496.86,943484,2,0
1119,29/09/2019,1494.81,1519.64,1459.1,1504.64,996167,2,0
1120,06/10/2019,1512.65,1517.07,1474.05,1488.59,959804,2,0
1121,13/10/2019,1487.38,1498.43,1477.08,1490.17,797778,2,0
1122,20/10/2019,1491.63,1517.98,1480.88,1504.39,660833,2,0
1123,27/10/2019,1504.46,1516.17,1481.19,1513.82,709870,0,0
1124,03/11/2019,1514.17,1514.84,1456.25,1459.06,746127,2,0
1125,10/11/2019,1459.37,1474.67,1445.62,1467.67,707416,0,0
1126,17/11/2019,1467.11,1478.89,1456.42,1462.08,704455,2,0
1127,24/11/2019,1460.79,1466.56,1450.08,1463.97,376324,2,0
1128,01/12/2019,1464.19,1484.09,1453.99,1459.77,585745,2,0
1129,08/12/2019,1459.59,1486.74,1458.76,1475.32,555686,2,0
1130,15/12/2019,1475.78,1481.69,1470.49,1478.1,389935,2,0
1131,22/12/2019,1478.25,1515.33,1477.54,1510.86,334813,2,0
1132,29/12/2019,1511.44,1553.57,1510.8,1551.64,468403,2,0
1133,05/01/2020,1558.55,1611.39,1540.27,1562.3,860201,2,0
1134,12/01/2020,1559.33,1561.49,1535.95,1557.12,526008,2,0
1135,19/01/2020,1557.23,1575.83,1546.38,1571.43,497851,2,0
1136,26/01/2020,1581.21,1590.44,1563.4,1589.17,725171,2,0
1137,02/02/2020,1593.12,1593.63,1547.51,1570.25,710335,2,0
1138,09/02/2020,1572.04,1584.99,1561.81,1583.98,575781,2,0
1139,16/02/2020,1581.52,1649.27,1578.9,1643.32,683677,2,0
1140,23/02/2020,1653.32,1689.35,1562.89,1585.67,1424077,0,0
1141,01/03/2020,1591.59,1692.16,1575.41,1674.25,1265883,2,0
1142,08/03/2020,1691.8,1703.29,1504.52,1528.79,1152968,2,0
1143,15/03/2020,1563.8,1575.33,1451.22,1496.77,1106042,2,0
1144,22/03/2020,1502.5,1644.02,1482.35,1621.61,527412,2,0
1145,29/03/2020,1628.16,1632.98,1567.84,1615.72,462769,2,0
1146,05/04/2020,1615.04,1690.27,1608.77,1683.04,387859,0,0
1147,12/04/2020,1685.54,1747.81,1671.74,1681.46,638873,2,0
1148,19/04/2020,1678.93,1738.68,1659.45,1726.58,693889,2,0
1149,26/04/2020,1726.08,1727.27,1670.32,1699.2,789257,2,0
1150,03/05/2020,1697.67,1723.35,1681.47,1701.5,551794,2,0
1151,10/05/2020,1701.09,1751.63,1691.99,1742.73,663817,2,0
1152,17/05/2020,1744.29,1765.31,1717.12,1735.41,683923,2,0
1153,24/05/2020,1731.74,1737.72,1693.7,1729.81,522113,2,0
1154,31/05/2020,1735.05,1745.17,1670.72,1684.27,653328,2,0
1155,07/06/2020,1682.73,1744.67,1677.37,1729.83,707074,2,0
1156,14/06/2020,1726.8,1745.19,1704.22,1743.08,652384,0,0
1157,21/06/2020,1753.02,1779.22,1742.78,1770.38,676042,2,0
1158,28/06/2020,1775.42,1789.08,1757.44,1773.64,481055,2,0
1159,05/07/2020,1773.42,1817.97,1770,1798.51,509156,2,0
1160,12/07/2020,1795.97,1815.06,1790.6,1809.38,500742,2,0
1161,19/07/2020,1808.99,1906.54,1805.71,1901.48,745051,2,0
1162,26/07/2020,1901.38,1983.07,1899.57,1975.24,919876,2,0
1163,02/08/2020,1978.48,2075.24,1960.49,2035.12,846616,2,0
1164,09/08/2020,2033.77,2049.91,1862.6,1943.98,994228,2,0
1165,16/08/2020,1946.27,2015.7,1911.47,1940.27,924868,2,0
1166,23/08/2020,1940.19,1976.71,1902.78,1963.99,804414,2,0
1167,30/08/2020,1965.47,1992.41,1916.36,1933.06,795888,2,0
1168,06/09/2020,1929.84,1966.6,1906.41,1940.2,623643,2,0
1169,13/09/2020,1940.43,1973.58,1932.84,1950.04,631398,2,0
1170,20/09/2020,1949.45,1955.58,1848.73,1860.28,899037,2,0
1171,27/09/2020,1857.97,1917.07,1848.41,1899.24,728306,2,0
1172,04/10/2020,1904.97,1930.44,1872.86,1930.16,661801,2,0
1173,11/10/2020,1928.75,1933.19,1882.5,1898.62,794335,2,0
1174,18/10/2020,1899.67,1931.38,1894.28,1901.67,671109,2,0
1175,25/10/2020,1902.64,1911.36,1859.94,1878.38,684969,2,0
1176,01/11/2020,1877.02,1960.36,1873.44,1951.23,777010,2,0
1177,08/11/2020,1954.98,1965.51,1850.53,1889.44,751318,2,0
1178,15/11/2020,1888.53,1899.06,1852.72,1870.91,577060,2,0
1179,22/11/2020,1868.92,1876.12,1774.33,1786.71,530672,2,0
1180,29/11/2020,1789.41,1848.23,1764.23,1838.84,549966,0,0
1181,06/12/2020,1837.42,1875.29,1822.07,1839.55,621897,0,0
1182,13/12/2020,1836.17,1896.21,1819.51,1880.89,652146,0,0
1183,20/12/2020,1882.89,1906.74,1855.04,1879.51,575126,0,0
1184,27/12/2020,1882.99,1900.41,1869.17,1893.7,422542,0,0
1185,03/01/2021,1908.61,1959.35,1828.2,1849.02,878976,0,0
1186,10/01/2021,1851.61,1863.8,1816.86,1827.42,790877,0,0
1187,17/01/2021,1828.66,1875.13,1803.58,1856.11,709241,0,0
1188,24/01/2021,1856.38,1875.66,1831.37,1848.69,880644,0,0
1189,31/01/2021,1859.64,1871.82,1785.03,1813.68,932972,0,0
1190,07/02/2021,1815.62,1855.39,1807.75,1824.5,704493,0,0
1191,14/02/2021,1825.87,1827.02,1760.64,1783.36,854749,0,0
1192,21/02/2021,1784.18,1815.99,1717.22,1734.28,1183033,0,0
1193,28/02/2021,1735.92,1759.83,1687.28,1700.35,1117758,0,0
1194,07/03/2021,1705.95,1739.86,1676.81,1728.03,971753,0,0
1195,14/03/2021,1729.75,1755.51,1719.23,1745.36,838050,0,0
1196,21/03/2021,1743.95,1745.5,1721.55,1732.47,737348,0,0
1197,28/03/2021,1732.55,1732.89,1677.89,1729.77,596214,0,0
1198,04/04/2021,1727.63,1758.7,1721.31,1743.86,601544,0,0
1199,11/04/2021,1743.59,1783.87,1723.73,1776.93,641437,0,0
1200,18/04/2021,1776.91,1797.87,1763.65,1776.56,505810,0,0
1201,25/04/2021,1775.4,1789.97,1756.09,1768.88,451405,0,0
1202,02/05/2021,1766.81,1843.36,1766.04,1831.38,457413,0,0
1203,09/05/2021,1833.15,1845.74,1808.78,1843.34,545588,0,0
1204,16/05/2021,1842.58,1890.04,1842.1,1881.34,511546,0,0
1205,23/05/2021,1881.34,1912.75,1872.74,1903.83,469835,0,0
1206,30/05/2021,1903.81,1916.59,1855.83,1891.5,417775,0,0
1207,06/06/2021,1890.52,1903.64,1869.87,1876.19,398774,0,0
1208,13/06/2021,1876.6,1877.66,1760.87,1764.2,513052,0,0
1209,20/06/2021,1768.08,1794.97,1766.42,1781.26,463797,0,0
1210,27/06/2021,1781.86,1795.08,1750.67,1787.47,413708,0,0
1211,04/07/2021,1787.49,1818.34,1784.48,1808.28,430071,0,0
1212,11/07/2021,1807.69,1834.14,1791.68,1811.55,453125,0,0
1213,18/07/2021,1811.64,1824.94,1790.11,1802.04,440899,0,0
1214,25/07/2021,1802.25,1832.66,1792.44,1814.09,416411,0,0
1215,01/08/2021,1813.83,1831.72,1758.68,1763.44,387172,0,0
1216,08/08/2021,1764.43,1779.93,1677.77,1779.38,444930,0,0
1217,15/08/2021,1779.9,1795.52,1770.81,1780.96,433157,0,0
1218,22/08/2021,1781.15,1819.28,1776.45,1818.13,359390,0,0
1219,29/08/2021,1817.9,1834,1801.61,1827.52,339813,0,0
1220,05/09/2021,1827.98,1830.29,1782.37,1787.66,368786,0,0
1221,12/09/2021,1788.93,1808.65,1745.3,1754.08,446139,0,0
1222,19/09/2021,1754.18,1787.2,1737.93,1750.68,444538,0,0
1223,26/09/2021,1748.64,1764.31,1721.65,1760.52,453485,0,0
1224,03/10/2021,1761.06,1781.36,1745.88,1756.79,435346,0,0
1225,10/10/2021,1757.38,1800.59,1750.17,1767.63,383571,0,0
1226,17/10/2021,1766.83,1813.84,1760.31,1792.56,440754,0,0
1227,24/10/2021,1792.97,1810.41,1771.97,1782.96,430475,0,0
1228,31/10/2021,1782.92,1818.28,1758.82,1817.93,424719,0,0
1229,07/11/2021,1816.21,1868.66,1812.44,1864.69,450176,0,0
1230,14/11/2021,1866.1,1877.13,1843.03,1845.94,410423,0,0
1231,21/11/2021,1843.02,1849.08,1778.55,1790.96,432428,0,0
1232,28/11/2021,1789.27,1808.77,1761.86,1783.44,494239,0,0
1233,05/12/2021,1782.83,1793.1,1770.13,1782.87,411397,0,0
1234,12/12/2021,1782.43,1814.25,1751.04,1797.48,380545,0,0
1235,19/12/2021,1799.3,1810.75,1784.86,1808.48,263108,0,0
1236,26/12/2021,1807.31,1828.61,1789.42,1828.34,282322,0,0
1237,02/01/2022,1830.11,1831.69,1782.64,1796.62,419295,0,0
1238,09/01/2022,1795.74,1829.22,1790.35,1817.38,414783,0,0
1239,16/01/2022,1817.82,1847.93,1805.79,1834.39,428295,0,0
1240,23/01/2022,1832.31,1853.88,1780.31,1791.81,518642,0,0
1241,30/01/2022,1789.54,1814.92,1785.59,1808.2,390003,0,0
1242,06/02/2022,1808.75,1865.5,1807.9,1859,406355,0,0
1243,13/02/2022,1860.13,1902.49,1844.56,1897.46,520524,0,0
1244,20/02/2022,1905.1,1974.41,1878.17,1888.71,548856,0,0
1245,27/02/2022,1921.05,1970.77,1890.96,1970.46,545549,0,0
1246,06/03/2022,1978.65,2070.27,1958.7,1987.31,642605,0,0
1247,13/03/2022,1982.16,1984.08,1895.08,1919.98,398458,0,0
1248,20/03/2022,1922.07,1966.12,1910.73,1957.78,367429,0,0
1249,27/03/2022,1957.78,1958.37,1890.1,1924.35,466172,0,0
1250,03/04/2022,1925.57,1948.21,1915.1,1946.12,433039,0,0
1251,10/04/2022,1946.97,1981.55,1939.97,1973.37,359420,0,0
1252,17/04/2022,1972.01,1998.35,1926.51,1930.94,488582,0,0
1253,24/04/2022,1933.61,1934.42,1872.04,1896.23,507437,0,0
1254,01/05/2022,1897.82,1909.79,1850.42,1882.61,455006,0,0
1255,08/05/2022,1883.87,1885.63,1799.16,1811.34,540224,0,0
1256,15/05/2022,1813.76,1849.43,1786.79,1846.3,492499,0,0
1257,22/05/2022,1849.38,1869.7,1840.7,1853,404727,0,0
1258,29/05/2022,1852.75,1874.11,1828.51,1850.9,343245,0,0
1259,05/06/2022,1849.99,1875.92,1825.04,1871.38,396236,0,0
1260,12/06/2022,1876.74,1879.02,1805.09,1840.08,569378,0,0
1261,19/06/2022,1837.44,1847.76,1816.94,1826.98,400033,0,0
1262,26/06/2022,1835.3,1841.04,1784.53,1808.94,380203,0,0
1263,03/07/2022,1811.41,1814.3,1732.25,1742.45,398547,0,0
1264,10/07/2022,1741.09,1745.36,1697.56,1707.32,405270,0,0
1265,17/07/2022,1706.78,1739.25,1680.92,1727.38,387845,0,0
1266,24/07/2022,1726.7,1767.94,1711.5,1766,427755,0,0
1267,31/07/2022,1764.18,1794.94,1754.3,1775.42,454125,0,0
1268,07/08/2022,1772.53,1807.92,1770.82,1801.62,382192,0,0
1269,14/08/2022,1802.04,1802.27,1745.58,1747.28,388400,0,0
1270,21/08/2022,1746.32,1765.5,1727.82,1738.08,404957,0,0
1271,28/08/2022,1736.82,1745.52,1688.84,1712.78,423169,0,0
,,,,,,,,
