epoch,loss,mean_absolute_error,mean_absolute_percentage_error,root_mean_squared_error,val_loss,val_mean_absolute_error,val_mean_absolute_percentage_error,val_root_mean_squared_error
0,13.656867027282715,0.7261976003646851,113.63129425048828,0.8563773036003113,10.467279434204102,1.258906602859497,82.55677032470703,1.265480637550354
1,6.188082695007324,0.3365759551525116,71.57431030273438,0.4693470895290375,3.9536750316619873,0.7306733131408691,47.734535217285156,0.7387702465057373
2,1.8944112062454224,0.16573400795459747,35.42658996582031,0.22140111029148102,1.0359773635864258,0.625991940498352,40.833473205566406,0.6342334151268005
3,0.3491626977920532,0.1501423865556717,39.063072204589844,0.2019788920879364,0.45317599177360535,0.5537050366401672,36.062896728515625,0.562268078327179
4,0.19533027708530426,0.133809432387352,36.21379470825195,0.18814204633235931,0.3120443522930145,0.4453039765357971,28.91240119934082,0.45511382818222046
5,0.1513333022594452,0.11560424417257309,36.25398635864258,0.16414520144462585,0.22286374866962433,0.35598763823509216,23.038768768310547,0.36673492193222046
6,0.11906062811613083,0.09923741221427917,35.28511428833008,0.14079128205776215,0.16100463271141052,0.2776161730289459,17.886728286743164,0.2896876633167267
7,0.09818469732999802,0.09001465886831284,32.48091125488281,0.1289830058813095,0.12979501485824585,0.2387964427471161,15.341987609863281,0.25154513120651245
8,0.08372262120246887,0.08452601730823517,34.75982666015625,0.12067191302776337,0.10064680129289627,0.1868135631084442,11.91524600982666,0.2022600620985031
9,0.07551078498363495,0.08382687717676163,34.30387496948242,0.12019844353199005,0.08678209036588669,0.16737307608127594,10.646617889404297,0.18324533104896545
10,0.06693121045827866,0.07929620146751404,29.7797794342041,0.11474909633398056,0.07137970626354218,0.13083700835704803,8.241554260253906,0.14994636178016663
11,0.06161223351955414,0.0780927985906601,29.83209991455078,0.11296842992305756,0.06668702512979507,0.13282723724842072,8.385615348815918,0.15055027604103088
12,0.0570046603679657,0.07663501799106598,28.20111656188965,0.11107417196035385,0.05780348554253578,0.11189243942499161,7.017879962921143,0.13105495274066925
13,0.053167473524808884,0.07524707913398743,26.271644592285156,0.10867343097925186,0.05066259205341339,0.09265356510877609,5.773778915405273,0.11300015449523926
14,0.04831673577427864,0.07272792607545853,25.982746124267578,0.10462188720703125,0.04591808468103409,0.07979565858840942,4.949828624725342,0.10036927461624146
15,0.04694854095578194,0.07278946042060852,22.186504364013672,0.1063004583120346,0.04367384687066078,0.0835806354880333,5.199081897735596,0.10316676646471024
16,0.04347125068306923,0.07076960802078247,22.73512077331543,0.10222835093736649,0.041216861456632614,0.08670321851968765,5.405338764190674,0.10553817451000214
17,0.041512541472911835,0.07036671042442322,24.68058204650879,0.10322713851928711,0.03924882784485817,0.08464216440916061,5.276054382324219,0.10334286093711853
18,0.03954560309648514,0.0703190341591835,25.955224990844727,0.10159562528133392,0.035651568323373795,0.06866662949323654,4.255914688110352,0.08782389760017395
19,0.038576047867536545,0.06963712722063065,23.5177001953125,0.10199443250894547,0.03522214666008949,0.07778801769018173,4.841322898864746,0.09599482268095016
20,0.03667140379548073,0.06900720298290253,24.138521194458008,0.10134673863649368,0.035353317856788635,0.08963833749294281,5.610525608062744,0.10669602453708649
21,0.03519413620233536,0.06823605298995972,23.870420455932617,0.1001349464058876,0.030823778361082077,0.06374210119247437,3.9504780769348145,0.08198676258325577
22,0.034745510667562485,0.06979886442422867,23.300954818725586,0.10234785079956055,0.03154386207461357,0.07943332940340042,4.957615375518799,0.0963156446814537
23,0.03360693156719208,0.0687839686870575,22.58917808532715,0.1013670489192009,0.028416456654667854,0.06688504666090012,4.151915073394775,0.08446215093135834
24,0.03194211795926094,0.06647279113531113,23.468624114990234,0.09750058501958847,0.027002863585948944,0.06056002154946327,3.7524001598358154,0.07794923335313797
25,0.031297411769628525,0.06725886464118958,18.877614974975586,0.09827277809381485,0.02770824357867241,0.06994837522506714,4.356011867523193,0.08633250743150711
26,0.0299974475055933,0.06606687605381012,23.62800407409668,0.09711486846208572,0.026475848630070686,0.06782332062721252,4.21948766708374,0.08422109484672546
27,0.029442204162478447,0.06536053121089935,21.185462951660156,0.09561923146247864,0.02439582161605358,0.06242376193404198,3.871213912963867,0.07966820895671844
28,0.029068714007735252,0.0675593763589859,23.8427677154541,0.0983927994966507,0.02571655623614788,0.07040876895189285,4.393690586090088,0.0857081189751625
29,0.029612338170409203,0.06835679709911346,22.49085235595703,0.10069141536951065,0.022675829008221626,0.049726445227861404,3.084728956222534,0.06514126807451248
30,0.028145624324679375,0.06479260325431824,19.197757720947266,0.09717065095901489,0.024364249780774117,0.07311882078647614,4.57761812210083,0.08731202781200409
31,0.02732285112142563,0.06545502692461014,23.677061080932617,0.09624172747135162,0.022589491680264473,0.06067618727684021,3.7762537002563477,0.07540960609912872
32,0.026493754237890244,0.0648440420627594,21.455631256103516,0.09406574815511703,0.02093733847141266,0.05079967528581619,3.1564781665802,0.0653018057346344
33,0.02611898072063923,0.0655859187245369,20.75788116455078,0.09472964704036713,0.025324204936623573,0.08557648956775665,5.407593727111816,0.09720396250486374
34,0.025628747418522835,0.0647641196846962,19.87148666381836,0.09518107771873474,0.023674065247178078,0.0776713564991951,4.8911213874816895,0.0898624137043953
35,0.02518056146800518,0.06413063406944275,19.062284469604492,0.09432854503393173,0.023479320108890533,0.08391071856021881,5.301768779754639,0.09574472159147263
36,0.024190424010157585,0.06458377838134766,24.195138931274414,0.09312944859266281,0.02265339531004429,0.07696635276079178,4.8411664962768555,0.08957429230213165
37,0.025000914931297302,0.06468085944652557,24.764163970947266,0.09554921090602875,0.02033241279423237,0.06407438963651657,4.008088111877441,0.07715179026126862
38,0.02408622018992901,0.06301607936620712,20.860733032226562,0.0934760645031929,0.01756434328854084,0.045506712049245834,2.8273913860321045,0.05898771435022354
39,0.024070659652352333,0.0645553395152092,21.292781829833984,0.09477239102125168,0.01747078448534012,0.04088935628533363,2.546243906021118,0.05347711592912674
40,0.02349901758134365,0.06299551576375961,20.759050369262695,0.09258700907230377,0.01653512753546238,0.035905834287405014,2.2560622692108154,0.047135550528764725
41,0.02311750501394272,0.06287538260221481,18.586288452148438,0.09267175197601318,0.016050517559051514,0.03367467597126961,2.1214253902435303,0.04429909586906433
42,0.02140865847468376,0.059800270944833755,17.733251571655273,0.08619905263185501,0.01551772840321064,0.036367401480674744,2.267115592956543,0.047864120453596115
43,0.02160707116127014,0.06159026920795441,19.633617401123047,0.08958708494901657,0.016338197514414787,0.04987427219748497,3.1215786933898926,0.06107264757156372
44,0.0205827709287405,0.061054203659296036,18.952449798583984,0.08719520270824432,0.01856812834739685,0.07140164077281952,4.509841442108154,0.08204926550388336
45,0.022059157490730286,0.06449002772569656,21.1501407623291,0.09428463876247406,0.015867235139012337,0.04896489903330803,3.049560546875,0.06181847304105759
46,0.02225218527019024,0.06399832665920258,21.715229034423828,0.09403581917285919,0.017537616193294525,0.06294776499271393,3.953880548477173,0.07444185018539429
47,0.021297512575984,0.06259098649024963,22.607389450073242,0.09033458679914474,0.0190306156873703,0.07696042209863663,4.878809452056885,0.08676784485578537
48,0.021521667018532753,0.06326936185359955,20.612789154052734,0.09318850189447403,0.014513542875647545,0.04224083572626114,2.6281096935272217,0.05462173745036125
49,0.0211963914334774,0.06317081302404404,21.462862014770508,0.09165680408477783,0.018128078430891037,0.07020851224660873,4.4439496994018555,0.08012738823890686
50,0.021048489958047867,0.06281666457653046,21.252595901489258,0.09204110503196716,0.01672494225203991,0.06517399102449417,4.117112159729004,0.07520364224910736
51,0.020354319363832474,0.06243785843253136,20.471763610839844,0.09033386409282684,0.015772445127367973,0.05797465145587921,3.6516973972320557,0.06816475093364716
52,0.02051098272204399,0.06345459073781967,24.513782501220703,0.09106986969709396,0.014256126247346401,0.04104971885681152,2.56872820854187,0.051543183624744415
53,0.020301252603530884,0.06194672733545303,19.516036987304688,0.0903467983007431,0.014266696758568287,0.04374726861715317,2.740379571914673,0.05407607927918434
54,0.019466308876872063,0.0609513595700264,21.77916145324707,0.08742674440145493,0.012308399192988873,0.03016773797571659,1.894546627998352,0.040133342146873474
55,0.01908772438764572,0.05924537405371666,17.011075973510742,0.08640403300523758,0.017770875245332718,0.07923399657011032,5.064868927001953,0.08662812411785126
56,0.018944721668958664,0.060358285903930664,18.583749771118164,0.08765584230422974,0.01353418454527855,0.046850819140672684,2.936248540878296,0.05769515782594681
57,0.018332093954086304,0.059654444456100464,20.750192642211914,0.08434612303972244,0.0132234375923872,0.039103616029024124,2.446074962615967,0.04965931177139282
58,0.01986207626760006,0.06214447319507599,18.40705108642578,0.09056146442890167,0.01673903316259384,0.07245177030563354,4.625186920166016,0.07992105185985565
59,0.0191460233181715,0.06164703890681267,19.84305763244629,0.08956750482320786,0.013770345598459244,0.053336501121520996,3.364813804626465,0.06279395520687103
60,0.019079048186540604,0.061154235154390335,19.2407169342041,0.0893053412437439,0.014412377029657364,0.057647574692964554,3.6462907791137695,0.06663740426301956
61,0.019022630527615547,0.06130681559443474,21.01201057434082,0.08888698369264603,0.012614564970135689,0.03581131994724274,2.2438292503356934,0.04557039961218834
62,0.01874617673456669,0.06042893975973129,20.708845138549805,0.08787768334150314,0.013847701251506805,0.04842705279588699,3.0649397373199463,0.05693671852350235
63,0.018736114725470543,0.06035560369491577,18.77962875366211,0.08766574412584305,0.012390357442200184,0.03714817762374878,2.3406355381011963,0.04575175419449806
64,0.018024113029241562,0.05864480510354042,18.15647315979004,0.08562639355659485,0.01276699174195528,0.043671946972608566,2.7617788314819336,0.05203806608915329
65,0.01814272254705429,0.060918841511011124,21.43389129638672,0.08649300038814545,0.011774946004152298,0.03895498439669609,2.453369379043579,0.04758848994970322
66,0.017734486609697342,0.05957133322954178,16.78803825378418,0.0864681825041771,0.01207443792372942,0.04152292385697365,2.6112136840820312,0.050485000014305115
67,0.01838608831167221,0.06147175282239914,18.43887710571289,0.08955628424882889,0.01876826584339142,0.09153268486261368,5.898881435394287,0.09704254567623138
68,0.01971548981964588,0.0652860701084137,21.17786407470703,0.09457375109195709,0.012360629625618458,0.045376311987638474,2.8600616455078125,0.05415088310837746
69,0.018482595682144165,0.06162499636411667,21.30329132080078,0.08985437452793121,0.01060742512345314,0.025424567982554436,1.6073747873306274,0.033813219517469406
70,0.018537059426307678,0.062090273946523666,18.915632247924805,0.09067519009113312,0.012722432613372803,0.051923803985118866,3.2955777645111084,0.05972355231642723
71,0.018010182306170464,0.06167713180184364,20.33449363708496,0.08854228258132935,0.010293553583323956,0.02401171810925007,1.5276895761489868,0.03188105300068855
72,0.01814570464193821,0.061514489352703094,19.17609214782715,0.08922412246465683,0.010438723489642143,0.02318521775305271,1.4745506048202515,0.030947044491767883
73,0.01760377176105976,0.059772372245788574,18.090517044067383,0.08680195361375809,0.010732244700193405,0.031898774206638336,2.016439437866211,0.03941817209124565
74,0.01652240939438343,0.05779942870140076,16.44214630126953,0.08302679657936096,0.010233432054519653,0.02806093916296959,1.7698867321014404,0.035667695105075836
75,0.016586726531386375,0.058587558567523956,16.695003509521484,0.0838145986199379,0.010001962073147297,0.021289879456162453,1.368645429611206,0.028467241674661636
76,0.017163913697004318,0.05955786630511284,17.238595962524414,0.0866139829158783,0.009816953912377357,0.024518439546227455,1.548293948173523,0.03224153816699982
77,0.01671348698437214,0.059211667627096176,17.15394401550293,0.08518502861261368,0.012010326609015465,0.0516076497733593,3.2933433055877686,0.05821683630347252
78,0.016220541670918465,0.05780323967337608,14.644454002380371,0.08322380483150482,0.012017839588224888,0.0490495003759861,3.123795509338379,0.05593613535165787
79,0.016979185864329338,0.060367681086063385,18.675010681152344,0.08664590865373611,0.009954867884516716,0.0273013636469841,1.7211263179779053,0.03489047288894653
80,0.016094336286187172,0.05678937956690788,16.172704696655273,0.08312766999006271,0.009748872369527817,0.026219313964247704,1.6546106338500977,0.033638786524534225
81,0.01641029678285122,0.05905793979763985,16.177932739257812,0.08538393676280975,0.010307718068361282,0.03430798277258873,2.163686513900757,0.04214323312044144
82,0.016696790233254433,0.05938630923628807,17.643779754638672,0.08668793737888336,0.010735069401562214,0.037708111107349396,2.382223606109619,0.045549508184194565
83,0.016794880852103233,0.059995897114276886,17.982120513916016,0.08679381757974625,0.010286945849657059,0.03687097504734993,2.337000846862793,0.043934985995292664
84,0.01623201183974743,0.058406103402376175,18.43534278869629,0.08444363623857498,0.009320919401943684,0.025829695165157318,1.6245189905166626,0.03358032926917076
85,0.016157135367393494,0.05896841362118721,18.137868881225586,0.08486659824848175,0.008923928253352642,0.02012837678194046,1.2886708974838257,0.02667655050754547
86,0.01638507843017578,0.05995505675673485,16.085691452026367,0.08586158603429794,0.010654079727828503,0.04289025440812111,2.729477643966675,0.04958339408040047
87,0.016317591071128845,0.06003330275416374,17.379430770874023,0.08610129356384277,0.010173301212489605,0.039578188210725784,2.510517120361328,0.04658807814121246
88,0.016926422715187073,0.062337134033441544,19.77354621887207,0.08998239040374756,0.010011768899857998,0.03646298870444298,2.3015029430389404,0.04404604434967041
89,0.016566939651966095,0.06013735383749008,20.295618057250977,0.08775660395622253,0.00908556580543518,0.025447668507695198,1.6016916036605835,0.032865285873413086
90,0.01564701460301876,0.05852201208472252,17.77943229675293,0.08349498361349106,0.013992059044539928,0.07284179329872131,4.702497959136963,0.07743334025144577
91,0.015720121562480927,0.05916205793619156,19.20246124267578,0.08383123576641083,0.009502317756414413,0.029981130734086037,1.8870576620101929,0.03768713027238846
92,0.016070082783699036,0.05934230238199234,17.882766723632812,0.08570059388875961,0.01296237763017416,0.06531638652086258,4.205668926239014,0.07040693610906601
93,0.016548776999115944,0.062176790088415146,22.990934371948242,0.08809558302164078,0.011230719275772572,0.051073551177978516,3.2683603763580322,0.057249460369348526
94,0.016027841717004776,0.06086022034287453,23.465303421020508,0.0856633111834526,0.012681564316153526,0.0629080981016159,4.049202919006348,0.0684455931186676
95,0.01581280305981636,0.060712780803442,24.187862396240234,0.08499891310930252,0.010606708936393261,0.04409244656562805,2.803300142288208,0.051653407514095306
96,0.01629781723022461,0.06197386607527733,25.457841873168945,0.08711270242929459,0.010658484883606434,0.04610959440469742,2.926797389984131,0.05345077067613602
97,0.01627911999821663,0.06147689372301102,26.24540901184082,0.0875203013420105,0.011368592269718647,0.05234581604599953,3.35275936126709,0.05850107967853546
98,0.015859857201576233,0.06116248667240143,27.021038055419922,0.08544153720140457,0.01055890042334795,0.043517086654901505,2.775408983230591,0.05179518833756447
99,0.015724798664450645,0.06123853102326393,28.87455940246582,0.08478188514709473,0.00930004846304655,0.027484215795993805,1.7485194206237793,0.035554490983486176
100,0.01622026413679123,0.06317918747663498,28.816221237182617,0.08760208636522293,0.011056221090257168,0.04780048504471779,3.045938014984131,0.05589066073298454
101,0.016149204224348068,0.06365993618965149,33.94034957885742,0.08685237169265747,0.011849897913634777,0.0521027110517025,3.321563720703125,0.06050286442041397
102,0.015974845737218857,0.06309554725885391,32.78738021850586,0.0864681527018547,0.012534827925264835,0.05872678384184837,3.7539355754852295,0.06717965006828308
103,0.016374485567212105,0.0648808479309082,33.03489303588867,0.08793386071920395,0.011254124343395233,0.04727812483906746,3.0118606090545654,0.05785176530480385
104,0.01634586788713932,0.06425028294324875,40.999183654785156,0.08713117241859436,0.012105250731110573,0.04760855808854103,3.038581371307373,0.05940452218055725
105,0.016617881134152412,0.06677921861410141,42.8160400390625,0.08900365978479385,0.009910641238093376,0.03226473554968834,2.1075856685638428,0.04286270588636398
106,0.01614406332373619,0.06400103121995926,43.05783462524414,0.08615252375602722,0.010766196995973587,0.035710081458091736,2.317131519317627,0.04921239987015724
107,0.01664760522544384,0.06724711507558823,48.59064865112305,0.08875323086977005,0.014324228279292583,0.05916738510131836,3.787604808807373,0.07289761304855347
108,0.016903849318623543,0.06763190031051636,49.355838775634766,0.09008242934942245,0.016880547627806664,0.07865943014621735,5.057732105255127,0.09215468168258667
109,0.01722515933215618,0.06792820990085602,54.040672302246094,0.09098456054925919,0.01532821636646986,0.061854008585214615,3.9770262241363525,0.08064007759094238
110,0.017891420051455498,0.07143502682447433,57.96639633178711,0.09421894699335098,0.015363496728241444,0.06117192283272743,3.9307591915130615,0.08140154927968979
111,0.01791050285100937,0.0713915005326271,62.717350006103516,0.09381600469350815,0.013389041647315025,0.044735752046108246,2.948923110961914,0.06628017872571945
112,0.0185093991458416,0.07272107899188995,59.636104583740234,0.09634978324174881,0.015219274908304214,0.049929264932870865,3.239530086517334,0.0737779289484024
113,0.018532931804656982,0.07345420122146606,66.90547180175781,0.0963919535279274,0.017987586557865143,0.06645558029413223,4.2700629234313965,0.09011320769786835
114,0.018971892073750496,0.07428277283906937,63.829200744628906,0.09755565226078033,0.0173089187592268,0.05578906089067459,3.614560127258301,0.08241681754589081
115,0.020029863342642784,0.07827600091695786,68.36087799072266,0.10196178406476974,0.015566707588732243,0.050525981932878494,3.3776392936706543,0.07101710885763168
116,0.020693205296993256,0.07943470776081085,60.148921966552734,0.10391455143690109,0.017191780731081963,0.05144413933157921,3.390998125076294,0.07844466716051102
117,0.02196684293448925,0.08386529237031937,62.34370040893555,0.10927139967679977,0.016112351790070534,0.059967041015625,4.090288162231445,0.07473145425319672
118,0.022184371948242188,0.0846891850233078,56.73115539550781,0.109723761677742,0.01786218024790287,0.0700211375951767,4.798816204071045,0.0798984095454216
119,0.022647129371762276,0.08518710732460022,52.51615905761719,0.11158061027526855,0.01696244813501835,0.06604935228824615,4.527306079864502,0.07582518458366394
120,0.02122524566948414,0.08155909180641174,50.02699279785156,0.10579707473516464,0.017354002222418785,0.07002410292625427,4.806976795196533,0.07874700427055359
121,0.02110464870929718,0.08139336854219437,47.13873291015625,0.10540302842855453,0.016508799046278,0.06963711977005005,4.774656295776367,0.07737140357494354
122,0.020160555839538574,0.07721273601055145,44.67906188964844,0.10111816227436066,0.014854563400149345,0.057954467833042145,3.9639971256256104,0.06612426042556763
123,0.020070133730769157,0.07710156589746475,43.17466735839844,0.10179533809423447,0.013896019198000431,0.054063547402620316,3.7054691314697266,0.06176076829433441
124,0.019262269139289856,0.07500209659337997,42.880008697509766,0.09759815782308578,0.013404262252151966,0.04488802328705788,3.055952787399292,0.0544782355427742
125,0.01867535710334778,0.07298044860363007,42.996620178222656,0.09568392485380173,0.012279664166271687,0.03901085630059242,2.607630968093872,0.05149789899587631
126,0.01859062910079956,0.0722668394446373,42.3375358581543,0.09496989101171494,0.012855994515120983,0.046697694808244705,3.186923027038574,0.054504942148923874
127,0.018075689673423767,0.07102133333683014,47.50522994995117,0.09320136159658432,0.012295941822230816,0.04426851496100426,3.028137445449829,0.05163563787937164
128,0.01822999306023121,0.0716133639216423,45.898338317871094,0.09367264807224274,0.01199791394174099,0.04068253934383392,2.7802891731262207,0.04822636395692825
129,0.017939435318112373,0.07057231664657593,48.43522644042969,0.09308184683322906,0.011702833697199821,0.03903837129473686,2.6646370887756348,0.046485017985105515
130,0.01784725859761238,0.07033032923936844,50.06378936767578,0.09242420643568039,0.011562276631593704,0.0358908586204052,2.394826650619507,0.047506753355264664
131,0.01814509741961956,0.07151635736227036,49.563472747802734,0.09408997744321823,0.012062031775712967,0.036498285830020905,2.455946922302246,0.046758733689785004
132,0.01808794029057026,0.07153019309043884,49.605953216552734,0.09380115568637848,0.011683848686516285,0.038635242730379105,2.609311580657959,0.04780271276831627
133,0.017943568527698517,0.07097526639699936,51.99406051635742,0.09288603067398071,0.012220324948430061,0.0373753160238266,2.4547178745269775,0.05200220271945
134,0.018562953919172287,0.0734172910451889,52.7651252746582,0.09611636400222778,0.01207389310002327,0.0393267497420311,2.6489908695220947,0.04946305975317955
135,0.018447725102305412,0.07292686402797699,48.580589294433594,0.09529450535774231,0.01211071852594614,0.03762420639395714,2.4850895404815674,0.05237823724746704
136,0.01880636066198349,0.07422426342964172,52.04243087768555,0.09738457947969437,0.01171235553920269,0.040721774101257324,2.766914129257202,0.049588851630687714
137,0.01889166608452797,0.07463137060403824,47.7563362121582,0.09756046533584595,0.012034493498504162,0.04505418241024017,3.090649366378784,0.05253320559859276
138,0.018503544852137566,0.0732615739107132,48.85365676879883,0.09580562263727188,0.011514605954289436,0.03622815012931824,2.424302577972412,0.04633074626326561
139,0.018032513558864594,0.07163672894239426,46.504207611083984,0.09371323883533478,0.011572075076401234,0.0358143225312233,2.4019274711608887,0.045475732535123825
140,0.01783655770123005,0.07128642499446869,46.40468978881836,0.0932011678814888,0.011625271290540695,0.03557048365473747,2.332972764968872,0.047955550253391266
141,0.01775806024670601,0.07078590244054794,49.23760223388672,0.09273803234100342,0.01151664275676012,0.035183798521757126,2.322772979736328,0.046452224254608154
142,0.017758283764123917,0.07085249572992325,48.85551834106445,0.09294557571411133,0.01160744484513998,0.03662096709012985,2.41375994682312,0.04857984185218811
143,0.017877845093607903,0.0712534710764885,49.958282470703125,0.0932900533080101,0.011634144932031631,0.03980112075805664,2.700856924057007,0.04836668819189072
144,0.018425393849611282,0.07294613122940063,51.26747512817383,0.0957183837890625,0.011960680596530437,0.03892270848155022,2.6544065475463867,0.046928562223911285
145,0.018359167501330376,0.07266362756490707,45.38896179199219,0.09580987691879272,0.011445103213191032,0.036648280918598175,2.4326369762420654,0.04746139049530029
146,0.018462715670466423,0.07300613075494766,43.21400833129883,0.09606986492872238,0.011308660730719566,0.035277023911476135,2.35064697265625,0.045655835419893265
147,0.01790160872042179,0.07092709839344025,43.7691764831543,0.09360828995704651,0.011673783883452415,0.035410936921834946,2.299522876739502,0.04886743426322937
148,0.017437320202589035,0.06947209686040878,43.07490539550781,0.09162823855876923,0.010989363305270672,0.0351630337536335,2.3411684036254883,0.044081903994083405
149,0.017626723274588585,0.06999679654836655,45.932010650634766,0.09225340932607651,0.0109347989782691,0.03401827812194824,2.288743734359741,0.04202481731772423
150,0.017154550179839134,0.06857219338417053,45.13878631591797,0.09015270322561264,0.011055704206228256,0.032778456807136536,2.141098976135254,0.04422002285718918
151,0.017250007018446922,0.0686921700835228,45.03693389892578,0.09082919359207153,0.010823054239153862,0.033494122326374054,2.2270569801330566,0.04306797683238983
152,0.017034420743584633,0.06752214580774307,43.09502029418945,0.08984401077032089,0.010996989905834198,0.033117182552814484,2.1606738567352295,0.044601790606975555
153,0.016766207292675972,0.06770358979701996,43.93276596069336,0.08859405666589737,0.010728907771408558,0.03272414207458496,2.148388147354126,0.043318524956703186
154,0.01731540448963642,0.06951045989990234,46.518951416015625,0.09153929352760315,0.01085648126900196,0.03291675075888634,2.134336233139038,0.04482044652104378
155,0.016868144273757935,0.06772403419017792,42.501251220703125,0.08962582796812057,0.010845585726201534,0.033850789070129395,2.172513008117676,0.04585238918662071
156,0.016673149541020393,0.06703899800777435,45.87485885620117,0.08873307704925537,0.011510379612445831,0.038456063717603683,2.450331449508667,0.0522693432867527
157,0.01696166582405567,0.06826610118150711,47.53471374511719,0.09058381617069244,0.011273163370788097,0.036296479403972626,2.340465545654297,0.04976198449730873
158,0.01696101576089859,0.06858868151903152,46.82030487060547,0.09031672775745392,0.011304350569844246,0.036649320274591446,2.359703540802002,0.05035294592380524
159,0.01715189218521118,0.06941935420036316,48.58061981201172,0.09146705269813538,0.011883706785738468,0.04134099930524826,2.638211250305176,0.05656983330845833
160,0.01715623028576374,0.06925471872091293,49.33243942260742,0.09150177240371704,0.01085185632109642,0.03503100574016571,2.3176732063293457,0.045625973492860794
161,0.017155228182673454,0.06962637603282928,50.09342575073242,0.09131330251693726,0.01188917551189661,0.04015522822737694,2.5769662857055664,0.055099841207265854
162,0.017908688634634018,0.07207030802965164,48.10417556762695,0.09538409858942032,0.012348519638180733,0.04304755851626396,2.7477715015411377,0.05943449214100838
163,0.017396053299307823,0.07085078209638596,46.99631118774414,0.09257761389017105,0.011148834601044655,0.03876586630940437,2.6108129024505615,0.047243449836969376
164,0.017452824860811234,0.07031078636646271,49.070926666259766,0.09248967468738556,0.011796627193689346,0.03856399655342102,2.4901347160339355,0.053445156663656235
165,0.017804397270083427,0.07224298268556595,49.00015640258789,0.09521623700857162,0.0110210832208395,0.04040319845080376,2.7340712547302246,0.047652289271354675
166,0.017348691821098328,0.06962628662586212,46.10618591308594,0.09187378734350204,0.010997080244123936,0.03631901741027832,2.4233970642089844,0.04604978859424591
167,0.01713728904724121,0.06963004171848297,43.45481872558594,0.09172655642032623,0.010731290094554424,0.03422263264656067,2.2356789112091064,0.04519475996494293
168,0.016823463141918182,0.06815288960933685,45.136451721191406,0.08995514363050461,0.010734203271567822,0.03370035067200661,2.2008566856384277,0.044746216386556625
169,0.016718074679374695,0.06827586144208908,42.4223747253418,0.08963989466428757,0.010434029623866081,0.032572075724601746,2.1350133419036865,0.04240255430340767
170,0.016592711210250854,0.06713546067476273,42.516727447509766,0.08910316973924637,0.011436637490987778,0.04049322009086609,2.574281692504883,0.05386199429631233
171,0.016068149358034134,0.06554104387760162,41.35435104370117,0.08684966713190079,0.012086797505617142,0.0476972721517086,3.0198473930358887,0.060458704829216
172,0.015965046361088753,0.06503911316394806,42.06303024291992,0.0861886665225029,0.012756208889186382,0.05220594257116318,3.3133199214935303,0.06508347392082214
173,0.01642822101712227,0.06745776534080505,45.916378021240234,0.08904861658811569,0.011194217950105667,0.03926383703947067,2.498288154602051,0.052993807941675186
174,0.01639111340045929,0.06676512211561203,44.95569610595703,0.08859764784574509,0.011167476885020733,0.037956006824970245,2.424285411834717,0.051943957805633545
175,0.016507476568222046,0.06760764867067337,45.70979690551758,0.08952450007200241,0.010251566767692566,0.03394348546862602,2.2502517700195312,0.04272967204451561
176,0.01680546998977661,0.0682942345738411,45.4727668762207,0.09095337241888046,0.011060335673391819,0.037325311452150345,2.3832170963287354,0.05075964704155922
177,0.01610393449664116,0.06682923436164856,43.74687194824219,0.08757805824279785,0.010588490404188633,0.034976255148649216,2.2549307346343994,0.0475553423166275
178,0.016316989436745644,0.06714671105146408,43.247154235839844,0.08859747648239136,0.010836905799806118,0.03548175469040871,2.2801504135131836,0.048806082457304
179,0.01641746424138546,0.066993348300457,46.11322784423828,0.0895763486623764,0.01064216997474432,0.03545292466878891,2.2713968753814697,0.048668358474969864
180,0.01595773734152317,0.06588687747716904,45.885353088378906,0.08750240504741669,0.00976050179451704,0.033077601343393326,2.2263264656066895,0.03892920911312103
181,0.015946486964821815,0.0654434785246849,44.251609802246094,0.08702099323272705,0.011235884390771389,0.04199165850877762,2.6639153957366943,0.05484585836529732
182,0.01566283404827118,0.06497900933027267,45.76137161254883,0.08615992963314056,0.010190318338572979,0.03351498767733574,2.146299362182617,0.04484187811613083
183,0.015965620055794716,0.06584112346172333,44.88947296142578,0.08763349056243896,0.010512463748455048,0.03517778590321541,2.257749080657959,0.047889649868011475
184,0.01551967766135931,0.06467980891466141,42.68735122680664,0.08568140864372253,0.010548564605414867,0.036988094449043274,2.354706287384033,0.05007792264223099
185,0.015656037256121635,0.06518055498600006,47.20791244506836,0.08633337169885635,0.011272895149886608,0.04312684386968613,2.740516424179077,0.05585690215229988
186,0.015435686334967613,0.06450813263654709,43.02433395385742,0.08571834862232208,0.012316901236772537,0.05410923808813095,3.437633991241455,0.06616638600826263
187,0.015443515032529831,0.06558165699243546,46.10531997680664,0.08581304550170898,0.01157261524349451,0.046930622309446335,2.9742748737335205,0.05961257219314575
188,0.015804341062903404,0.06626313924789429,42.5417366027832,0.08810935914516449,0.011203398928046227,0.04411753639578819,2.7892439365386963,0.05677545443177223
189,0.01566658541560173,0.06555870920419693,46.29008483886719,0.08725359290838242,0.010053783655166626,0.033857036381959915,2.200817584991455,0.044930774718523026
190,0.015719488263130188,0.06580700725317001,47.09904861450195,0.08740030974149704,0.012418724596500397,0.05262302607297897,3.341055393218994,0.06620190292596817
191,0.01561579667031765,0.06608108431100845,46.49528884887695,0.08733315020799637,0.012060271576046944,0.049311090260744095,3.1245505809783936,0.06427383422851562
192,0.01595081202685833,0.0676259770989418,47.787113189697266,0.08891142159700394,0.011321739293634892,0.04321444034576416,2.744445562362671,0.057542573660612106
193,0.016260724514722824,0.06800379604101181,49.08755874633789,0.09028112143278122,0.011779137887060642,0.04577143117785454,2.9151313304901123,0.06109657511115074
194,0.016237439587712288,0.06862303614616394,50.932472229003906,0.09049783647060394,0.011778522282838821,0.045843977481126785,2.9052321910858154,0.060838695615530014
195,0.016111401841044426,0.0676896721124649,47.17017364501953,0.08995556831359863,0.01175868883728981,0.046023428440093994,2.9218263626098633,0.061620380729436874
196,0.016089506447315216,0.06780283153057098,50.16801071166992,0.08947432041168213,0.010485493578016758,0.03661293908953667,2.3949544429779053,0.04902772232890129
197,0.016342084854841232,0.06915327906608582,48.215492248535156,0.09099911153316498,0.01010123360902071,0.034919340163469315,2.2913403511047363,0.04569230228662491
198,0.016185307875275612,0.06761514395475388,45.10899353027344,0.09015847742557526,0.01152165699750185,0.0451892651617527,2.86564302444458,0.05914877727627754
199,0.01602119766175747,0.06794486939907074,49.60179901123047,0.08978439122438431,0.010603821836411953,0.037694063037633896,2.419872522354126,0.05141809210181236
200,0.015820655971765518,0.06733224540948868,46.65217590332031,0.08841606229543686,0.01088341511785984,0.04112295061349869,2.613276481628418,0.05456567928195
201,0.01595512591302395,0.06755053251981735,46.94816970825195,0.08961611241102219,0.011156769469380379,0.04317589849233627,2.7392377853393555,0.057076092809438705
202,0.015991942957043648,0.06783287227153778,45.27237319946289,0.08952459692955017,0.01041018683463335,0.03645259886980057,2.34852933883667,0.049796782433986664
203,0.015624184161424637,0.06616842746734619,44.409053802490234,0.08771424740552902,0.010043763555586338,0.034875672310590744,2.248258590698242,0.04660192131996155
204,0.0155057767406106,0.0662154108285904,45.82012176513672,0.0871344655752182,0.011135190725326538,0.04420289024710655,2.801715850830078,0.05748402699828148
205,0.015900276601314545,0.06706169247627258,45.8690071105957,0.08945180475711823,0.009898058138787746,0.03415772318840027,2.209461212158203,0.04549599438905716
206,0.015489410609006882,0.06640680879354477,48.92280960083008,0.08707842230796814,0.01086743175983429,0.04112808406352997,2.61338210105896,0.054888881742954254
207,0.015810880810022354,0.06745921075344086,45.74073791503906,0.08930027484893799,0.011337549425661564,0.04637400060892105,2.9366328716278076,0.059789031744003296
208,0.015301365405321121,0.06547001004219055,44.17591094970703,0.08656464517116547,0.010214137844741344,0.03664305433630943,2.3504254817962646,0.049277711659669876
209,0.01543043926358223,0.06561410427093506,44.70198059082031,0.08705700188875198,0.009685496799647808,0.0335923433303833,2.1918349266052246,0.04365142434835434
210,0.015339254401624203,0.06527693569660187,44.671112060546875,0.08660945296287537,0.012080480344593525,0.052891992032527924,3.3582265377044678,0.06605802476406097
211,0.015226149000227451,0.06514759361743927,47.54354476928711,0.08640304207801819,0.011098784394562244,0.04435957223176956,2.817021608352661,0.05843311920762062
212,0.015367924235761166,0.06590287387371063,48.623695373535156,0.08722718805074692,0.010498953983187675,0.04010244458913803,2.5476436614990234,0.05293459817767143
213,0.01538565382361412,0.06596590578556061,45.43391036987305,0.08763118088245392,0.010901344008743763,0.04406428709626198,2.7921056747436523,0.057180944830179214
214,0.015258360654115677,0.06558450311422348,44.99816131591797,0.08707255125045776,0.01009424589574337,0.03762408718466759,2.3914103507995605,0.049657076597213745
215,0.01525507215410471,0.06612659245729446,44.90327072143555,0.08674711734056473,0.01153008546680212,0.04908384010195732,3.1117405891418457,0.0623469315469265
216,0.015619087032973766,0.06735671311616898,48.12008285522461,0.08921295404434204,0.01024341769516468,0.03834567219018936,2.447895050048828,0.05145416408777237
217,0.015350417234003544,0.06639661639928818,47.8900032043457,0.08746039122343063,0.010688099078834057,0.040723372250795364,2.5932648181915283,0.05487731099128723
218,0.0153152234852314,0.06645068526268005,44.900882720947266,0.08754792809486389,0.010653971694409847,0.041170958429574966,2.6150054931640625,0.055024173110723495
219,0.015418234281241894,0.06597736477851868,48.877197265625,0.08806322515010834,0.012507226318120956,0.055568598210811615,3.5293843746185303,0.07052796334028244
220,0.015858842059969902,0.06839027255773544,47.46165084838867,0.09037812799215317,0.011754542589187622,0.050281181931495667,3.1877496242523193,0.06398347020149231
221,0.015266943722963333,0.0662958100438118,46.367984771728516,0.08745848387479782,0.01176884863525629,0.051008958369493484,3.2254600524902344,0.06477039307355881
222,0.015575655736029148,0.06727232038974762,45.18423843383789,0.08905679732561111,0.011571556329727173,0.04938513785600662,3.1324660778045654,0.06344876438379288
223,0.01548763271421194,0.06740769743919373,47.32294464111328,0.08888767659664154,0.009754565544426441,0.036046359688043594,2.3281924724578857,0.04736490547657013
224,0.015231652185320854,0.06687209755182266,46.71058654785156,0.08701244741678238,0.00954861007630825,0.03410699591040611,2.231264591217041,0.04413214325904846
225,0.015232104808092117,0.06602610647678375,44.027008056640625,0.0873231589794159,0.010669575072824955,0.04334153234958649,2.743272304534912,0.05649038776755333
226,0.015157850459218025,0.06518997251987457,41.82665252685547,0.08721951395273209,0.009742064401507378,0.03602627292275429,2.292898178100586,0.04787273705005646
227,0.014871078543365002,0.06418617814779282,44.16250991821289,0.08530987799167633,0.009371968917548656,0.0335010327398777,2.158158540725708,0.04388326406478882
228,0.01499487366527319,0.06540782004594803,43.56557846069336,0.08648484945297241,0.009181691333651543,0.03301427513360977,2.142559766769409,0.04203151538968086
229,0.014500433579087257,0.06337381899356842,41.796875,0.08390717208385468,0.010353761725127697,0.04267030209302902,2.6942708492279053,0.0550859197974205
230,0.014965157955884933,0.06543468683958054,44.60877227783203,0.08662436902523041,0.01001595426350832,0.039524976164102554,2.5056662559509277,0.05175871402025223
231,0.014714685268700123,0.0645512267947197,43.114681243896484,0.08551527559757233,0.009904976934194565,0.039595432579517365,2.5038750171661377,0.051496949046850204
232,0.014638768509030342,0.06341514736413956,43.55514144897461,0.08499951660633087,0.014282329939305782,0.07362361252307892,4.7065958976745605,0.0835888683795929
233,0.014780805446207523,0.06529352813959122,47.79245376586914,0.08623014390468597,0.010173342190682888,0.041095901280641556,2.599966526031494,0.05415176600217819
234,0.014840255491435528,0.06505811214447021,44.62018585205078,0.08616909384727478,0.01050546020269394,0.042741596698760986,2.71295166015625,0.056524790823459625
235,0.015018207021057606,0.0663549080491066,46.35185241699219,0.08730044960975647,0.01163624506443739,0.05298180878162384,3.360488176345825,0.06608466804027557
236,0.015265627764165401,0.0672023743391037,44.48237228393555,0.08907663077116013,0.00980822741985321,0.03822403773665428,2.4253201484680176,0.05088045820593834
237,0.01460040733218193,0.06475282460451126,43.597564697265625,0.08559510111808777,0.009000861085951328,0.03272853046655655,2.1126887798309326,0.0426732636988163
238,0.015072895213961601,0.06602095067501068,41.964942932128906,0.08808546513319016,0.009564240463078022,0.03593764826655388,2.285564661026001,0.04837789759039879
239,0.014797290787100792,0.0652385875582695,41.64396286010742,0.08706384152173996,0.009184685535728931,0.034307967871427536,2.18784499168396,0.04561619460582733
240,0.014215290546417236,0.06269758194684982,38.8072395324707,0.08368714898824692,0.009196413680911064,0.03447159007191658,2.1960763931274414,0.04582974314689636
241,0.014475301839411259,0.06441572308540344,41.90741729736328,0.08531714230775833,0.010930226184427738,0.05148712173104286,3.264625310897827,0.06245234236121178
242,0.014391695149242878,0.06344584375619888,41.51846694946289,0.08509358018636703,0.010436984710395336,0.047675177454948425,3.0167620182037354,0.058705564588308334
243,0.014139602892100811,0.06303954869508743,40.5816535949707,0.08398174494504929,0.010390004143118858,0.046756450086832047,2.9566359519958496,0.05830845609307289
244,0.014215006493031979,0.06298327445983887,39.128517150878906,0.08442825824022293,0.010044033639132977,0.04385600984096527,2.7720468044281006,0.05553339794278145
245,0.01386749092489481,0.062009066343307495,41.855079650878906,0.08226116746664047,0.011223593726754189,0.05392776057124138,3.4221339225769043,0.0653747171163559
246,0.013676222413778305,0.061125461012125015,40.43919372558594,0.08116574585437775,0.010020816698670387,0.04395191743969917,2.779562473297119,0.05575605481863022
247,0.014063449576497078,0.062139857560396194,41.263057708740234,0.08367101103067398,0.01073432806879282,0.05087781697511673,3.225137233734131,0.06198827922344208
248,0.014060099609196186,0.06224798038601875,39.94687271118164,0.08377282321453094,0.009587365202605724,0.040426723659038544,2.556001901626587,0.05209554731845856
249,0.01401112787425518,0.06276588141918182,40.93706130981445,0.08364995568990707,0.010121427476406097,0.04464321210980415,2.818582057952881,0.05663564056158066
250,0.014408882707357407,0.06368304789066315,41.977760314941406,0.085776686668396,0.011821280233561993,0.05757250636816025,3.6627542972564697,0.06949181854724884
251,0.01453543920069933,0.06419390439987183,42.06386947631836,0.0867355689406395,0.0108078233897686,0.05014019086956978,3.1768693923950195,0.06285542249679565
252,0.014105156064033508,0.06289573013782501,42.61103820800781,0.08388199657201767,0.011254805140197277,0.05437016114592552,3.4575412273406982,0.06611043959856033
253,0.014245536178350449,0.06353065371513367,39.90041732788086,0.08514854311943054,0.009138887748122215,0.036133360117673874,2.2915470600128174,0.04778055474162102
254,0.013991251587867737,0.06292896717786789,40.08292770385742,0.08361009508371353,0.008708522655069828,0.03283654898405075,2.0878162384033203,0.043329183012247086
255,0.013991700485348701,0.0628737211227417,39.54479217529297,0.08385127037763596,0.008669868111610413,0.03286973759531975,2.088643789291382,0.04337780550122261
256,0.013922161422669888,0.06277719140052795,42.45022201538086,0.08329752832651138,0.010395900346338749,0.04861456900835037,3.08784818649292,0.059513311833143234
257,0.014064340852200985,0.0628059059381485,38.768455505371094,0.08479135483503342,0.008442692458629608,0.031312763690948486,1.9826480150222778,0.04122576117515564
258,0.013222037814557552,0.059698209166526794,35.8057746887207,0.07981422543525696,0.008763779886066914,0.03503533452749252,2.211064577102661,0.04559168592095375
259,0.013468288816511631,0.06054060161113739,37.31132125854492,0.08105836808681488,0.010260052047669888,0.04930204898118973,3.137539863586426,0.05925619602203369
260,0.013652004301548004,0.06143848970532417,37.3468017578125,0.08279889076948166,0.008138773031532764,0.029432356357574463,1.8737775087356567,0.03871643915772438
261,0.0133092375472188,0.05921641364693642,32.87716293334961,0.08044378459453583,0.008962433785200119,0.0379166305065155,2.3995773792266846,0.047942209988832474
262,0.01339617557823658,0.06044761463999748,35.311004638671875,0.08135012537240982,0.0116744264960289,0.06259124726057053,4.007566452026367,0.07071304321289062
263,0.01368262805044651,0.06216975301504135,37.55717086791992,0.0833326131105423,0.00967860221862793,0.04663443937897682,2.958263874053955,0.055730126798152924
264,0.01275582890957594,0.05819028988480568,31.771406173706055,0.07800687104463577,0.009028359316289425,0.040876682847738266,2.5824451446533203,0.04979589954018593
265,0.013134957291185856,0.05954480543732643,33.945919036865234,0.08070026338100433,0.011944955214858055,0.06674552708864212,4.275821208953857,0.07370348274707794
266,0.012962449342012405,0.05890027433633804,28.748687744140625,0.07968591153621674,0.010991113260388374,0.05987958237528801,3.8299038410186768,0.06700675934553146
267,0.013115733861923218,0.06000175327062607,35.37111282348633,0.08080852776765823,0.009511619806289673,0.04719133302569389,2.988032102584839,0.05567514896392822
268,0.01343891117721796,0.06031011417508125,30.48873519897461,0.08264853805303574,0.007449034601449966,0.02356616221368313,1.5211434364318848,0.03065277263522148
269,0.012954451143741608,0.05950090289115906,30.360984802246094,0.08008556067943573,0.008787676692008972,0.03992382436990738,2.5213394165039062,0.04833590239286423
270,0.012468761764466763,0.05670446157455444,24.18708610534668,0.07740507274866104,0.008540784940123558,0.0376620888710022,2.374481201171875,0.04642617702484131
271,0.013181706890463829,0.06078367307782173,34.10166549682617,0.0812361091375351,0.009505906142294407,0.04707125201821327,2.9938600063323975,0.05553341284394264
272,0.012550116516649723,0.057615168392658234,30.049280166625977,0.07810641825199127,0.008183359168469906,0.034501951187849045,2.1698410511016846,0.04329090937972069
273,0.012722178362309933,0.057815052568912506,26.757980346679688,0.07926655560731888,0.01125984638929367,0.06369570642709732,4.088231086730957,0.0700158104300499
274,0.012765996158123016,0.058670174330472946,25.700510025024414,0.08009953051805496,0.008413566276431084,0.03696051239967346,2.321066379547119,0.045687053352594376
275,0.012755605392158031,0.05775533244013786,24.15928077697754,0.0798143520951271,0.00939005147665739,0.04888168349862099,3.1077334880828857,0.055905189365148544
276,0.012457621283829212,0.05700748413801193,25.507171630859375,0.07841622829437256,0.009166092611849308,0.04708949849009514,2.9896931648254395,0.05451667308807373
277,0.012403389438986778,0.057713624089956284,25.95035171508789,0.0779554471373558,0.00944844726473093,0.05054793879389763,3.2247138023376465,0.056936703622341156
278,0.01212263572961092,0.055781684815883636,22.68320655822754,0.07648442685604095,0.009345768950879574,0.050398800522089005,3.211733341217041,0.05635947361588478
279,0.012504414655268192,0.057877298444509506,22.391204833984375,0.07924553751945496,0.008557845838367939,0.04223456606268883,2.667238712310791,0.04935841262340546
280,0.012287048622965813,0.05715096369385719,22.373903274536133,0.07816357910633087,0.009318441152572632,0.050585243850946426,3.220461368560791,0.05682137608528137
281,0.012382804416120052,0.0566677562892437,21.27743911743164,0.07845552265644073,0.009072456508874893,0.048455215990543365,3.090494155883789,0.05445549637079239
282,0.011944240890443325,0.05583009868860245,22.178312301635742,0.07659617811441422,0.006872680503875017,0.02157016098499298,1.352401614189148,0.02863401547074318
283,0.012536197900772095,0.057406723499298096,15.98823070526123,0.07963865995407104,0.010677660815417767,0.06376083195209503,4.09959602355957,0.06825123727321625
284,0.012078684754669666,0.05543471872806549,20.098342895507812,0.07757174968719482,0.00676902336999774,0.02048659324645996,1.2812347412109375,0.02730056829750538
285,0.01191658154129982,0.05416296422481537,17.46895408630371,0.07619572430849075,0.006474324967712164,0.017272083088755608,1.1361387968063354,0.02138618379831314
286,0.011828945018351078,0.05436059460043907,14.162941932678223,0.07595083862543106,0.006791695952415466,0.02139342576265335,1.332537293434143,0.028058985248208046
287,0.011614472605288029,0.05361664667725563,13.293025970458984,0.07516057789325714,0.00658020656555891,0.020071296021342278,1.3502521514892578,0.024182377383112907
288,0.01194985955953598,0.05460794270038605,12.203803062438965,0.07697367668151855,0.007493535988032818,0.034059446305036545,2.1470069885253906,0.04013894125819206
289,0.011980307288467884,0.054660968482494354,12.311753273010254,0.0772596001625061,0.0064503527246415615,0.01649898663163185,1.0431150197982788,0.02194230817258358
290,0.012326297350227833,0.05591437593102455,10.810712814331055,0.07913639396429062,0.006298811640590429,0.014519618824124336,0.9327206015586853,0.018930593505501747
291,0.011736962012946606,0.05460388958454132,10.532286643981934,0.07637126743793488,0.008056027814745903,0.04297437518835068,2.746793270111084,0.04739001765847206
292,0.011706969700753689,0.05443137139081955,12.009796142578125,0.07597454637289047,0.00629727728664875,0.014960577711462975,0.9489099979400635,0.019976483657956123
293,0.011464799754321575,0.053157269954681396,12.207149505615234,0.0748627781867981,0.008829097263514996,0.05133945867419243,3.3001515865325928,0.05515129491686821
294,0.011764166876673698,0.055356983095407486,14.928316116333008,0.077276311814785,0.009994051419198513,0.06088956445455551,3.9048385620117188,0.06535156071186066
295,0.012298996560275555,0.05698666349053383,16.755367279052734,0.07981899380683899,0.0063216849230229855,0.01753835193812847,1.137449026107788,0.02213786542415619
296,0.0118096973747015,0.05539991706609726,16.38051986694336,0.07693413645029068,0.009106972254812717,0.05364938825368881,3.4411354064941406,0.057951122522354126
297,0.012244817800819874,0.05667829141020775,14.284337043762207,0.08003513514995575,0.00738604087382555,0.03438016027212143,2.173834800720215,0.04014918580651283
298,0.01212308183312416,0.05573337897658348,11.878599166870117,0.07936179637908936,0.006213029846549034,0.01592709682881832,1.0141839981079102,0.020915504544973373
299,0.01184922270476818,0.055261436849832535,10.21884536743164,0.07744494080543518,0.006760179530829191,0.0254265945404768,1.5969420671463013,0.03148976340889931
